表示,No,エクセルファイル名,パス,ファイルの工程パターン,,シートの工程パターン,,,,メモ,回数,管内1,管内2,分類1,分類2,分類3,シート名_1,シート名_2,シート名_3,シート名_4,シート名_5,シート名_6,シート名_7,シート名_8,シート名_9,シート名_10,
1,1,2012.4. 週間業務計画表・改1.xls,\\Nasm01\10\351400000\07．手配\01．保全G\01.月間予定\2024年以前\2012(H24)年度予定表\2012.4. 週間業務計画表・改1.xls,1,,1,,,,,,,,,,シート名_1,第1週,,シート名,,,,,,,,
,2,2012.5. 週間業務計画表・改1.xls,\\Nasm01\10\351400000\07．手配\01．保全G\01.月間予定\2024年以前\2012(H24)年度予定表\2012.5. 週間業務計画表・改1.xls,,,1,,,,,,,,,,シート名_2,第2週,,シート名,,,,,,,,
,3,2012.6. 週間業務計画表・改1.xls,\\Nasm01\10\351400000\07．手配\01．保全G\01.月間予定\2024年以前\2012(H24)年度予定表\2012.6. 週間業務計画表・改1.xls,,,1,,,,,,,,,,シート名_3,第3週,,シート名,,,,,,,,
,4,2012.07. 週間業務計画表・改1.xls,\\Nasm01\10\351400000\07．手配\01．保全G\01.月間予定\2024年以前\2012(H24)年度予定表\2012.7. 週間業務計画表・改1.xls,,,1,,,,,,,,,,シート名_4,第4週,,シート名,,,,,,,,
,5,2012.08. 週間業務計画表・改1.xls,\\Nasm01\10\351400000\07．手配\01．保全G\01.月間予定\2024年以前\2012(H24)年度予定表\2012.8. 週間業務計画表・改1.xls,,,1,,,,,,,,,,シート名_5,第5週,,シート名,,,,,,,,
,6,2012.09. 週間業務計画表・改1.xls,\\Nasm01\10\351400000\07．手配\01．保全G\01.月間予定\2024年以前\2012(H24)年度予定表\2012.9. 週間業務計画表・改1.xls,,,1,,,,,,,,,,シート名_6,,,シート名,,,,,,,,
,7,2012.10. 週間業務計画表・改1.xls,\\Nasm01\10\351400000\07．手配\01．保全G\01.月間予定\2024年以前\2012(H24)年度予定表\2012.10. 週間業務計画表・改1.xls,,,1,,,,,,,,,,シート名_7,,,シート名,,,,,,,,
,8,2012.11. 週間業務計画表・改1.xls,\\Nasm01\10\351400000\07．手配\01．保全G\01.月間予定\2024年以前\2012(H24)年度予定表\2012.11. 週間業務計画表・改1.xls,,,1,,,,,,,,,,シート名_8,,,シート名,,,,,,,,
,9,2012.12. 週間業務計画表・改1.xls,\\Nasm01\10\351400000\07．手配\01．保全G\01.月間予定\2024年以前\2012(H24)年度予定表\2012.12. 週間業務計画表・改1.xls,,,1,,,,,,,,,,シート名_9,,,シート名,,,,,,,,
,10,2013.01. 週間業務計画表・改1.xls,\\Nasm01\10\351400000\07．手配\01．保全G\01.月間予定\2024年以前\2012(H24)年度予定表\2013.1. 週間業務計画表・改1.xls,,,1,,,,,,,,,,シート名_10,,,シート名,,,,,,,,
,11,2013.02. 週間業務計画表・改1.xls,\\Nasm01\10\351400000\07．手配\01．保全G\01.月間予定\2024年以前\2012(H24)年度予定表\2013.2. 週間業務計画表・改1.xls,,,1,,,,,,,,,,,,,,,,,,,,,
,12,2013.03. 週間業務計画表・改1.xls,\\Nasm01\10\351400000\07．手配\01．保全G\01.月間予定\2024年以前\2012(H24)年度予定表\2013.3. 週間業務計画表・改1.xls,,,1,,,,,,,,,,工程表ヘッダー行数,3,1:3,行,無視。4から処理を繰り返す,,,,,,,
,,,,,,1,,,,,,,,,,工程表ヘッダー列数,1,A,列,無視。Bから処理を繰り返す,,,,,,,
,,,,,,1,,,,,,,,,,1日の行数,8,,行,"8行が1日。基準セルよりOffsetで使用。4:11, 12:19, 20:27, 28:35, 36:43, 44:51, 52:59",,,,,,,
,13,2013.04 週間業務計画表・改1.xls,\\Nasm01\10\351400000\07．手配\01．保全G\01.月間予定\2024年以前\2013(H25)年度予定表\４月週間業務計画表・改1.xls,,,1,,,,,,,,,,1週間の日数,7,,回（日）,縦に7回繰り返す,,,,,,,
,14,2013.05 週間業務計画表・改1.xls,\\Nasm01\10\351400000\07．手配\01．保全G\01.月間予定\2024年以前\2013(H25)年度予定表\５月週間業務計画表・改1.xls,,,1,,,,,,,,,,,,,,,,,,,,,
,15,2013.06 週間業務計画表・改1.xls,\\Nasm01\10\351400000\07．手配\01．保全G\01.月間予定\2024年以前\2013(H25)年度予定表\６月週間業務計画表・改1.xls,,,1,,,,,,,,,,年の取得場所,FR2,,アドレス,,,,,,,,
,16,2013.07 週間業務計画表・改1.xls,\\Nasm01\10\351400000\07．手配\01．保全G\01.月間予定\2024年以前\2013(H25)年度予定表\７月週間業務計画表・改1.xls,,,1,,,,,,,,,,月の取得場所,GB2,,アドレス,,,,,,,,
,17,2013.08 週間業務計画表・改1.xls,\\Nasm01\10\351400000\07．手配\01．保全G\01.月間予定\2024年以前\2013(H25)年度予定表\８月週間業務計画表・改1.xls,,,1,,,,,,,,,,日の取得位置,A,A,列,,,,,,,,
,18,2013.09 週間業務計画表・改1.xls,\\Nasm01\10\351400000\07．手配\01．保全G\01.月間予定\2024年以前\2013(H25)年度予定表\９月週間業務計画表・改1.xls,,,1,,,,,,,,,,日の取得位置,3,,行目,"6, 14, 22, 30, 38, 46, 54",,,,,,,
,19,2013.10 週間業務計画表・改1.xls,\\Nasm01\10\351400000\07．手配\01．保全G\01.月間予定\2024年以前\2013(H25)年度予定表\１０月週間業務計画表・改1.xls,,,1,,,,,,,,,,,,,,,,,,,,,
,20,2013.11 週間業務計画表・改1.xls,\\Nasm01\10\351400000\07．手配\01．保全G\01.月間予定\2024年以前\2013(H25)年度予定表\１１月週間業務計画表・改1.xls,,,1,,,,,,,,,,1日の工程数,39,B:FP,回,横に39回繰り返す,,,,,,,
,21,2013.12 週間業務計画表・改1.xls,\\Nasm01\10\351400000\07．手配\01．保全G\01.月間予定\2024年以前\2013(H25)年度予定表\１２月週間業務計画表・改1.xls,,,1,,,,,,,,,,,,,,,,,,,,,
,22,2014.01 週間業務計画表・改1.xls,\\Nasm01\10\351400000\07．手配\01．保全G\01.月間予定\2024年以前\2013(H25)年度予定表\１月週間業務計画表・改1.xls,,,1,,,,,,,,,,抽出内容（ヘッダー最終行）,現工程表,旧工程表,,,,,,,,,
,23,2014.02 週間業務計画表・改1.xls,\\Nasm01\10\351400000\07．手配\01．保全G\01.月間予定\2024年以前\2013(H25)年度予定表\２月週間業務計画表・改1.xls,,,1,,,,,,,,オフセット,オフセット_1,工番,"0,0","1,0",,,,,,,,,
,24,2014.03 週間業務計画表・改1.xls,\\Nasm01\10\351400000\07．手配\01．保全G\01.月間予定\2024年以前\2013(H25)年度予定表\３月週間業務計画表・改1.xls,,,1,,,,,,,,,オフセット_2,変電所,"1,0","0,0",,,,,,,,,
,,,,,,1,,,,,,,,,オフセット_3,作業名1,"2,0","2,0",,,,,,,,,
,,,,,,1,,,,,,,,,オフセット_4,作業名2(旧：制通部門),"3,0","3,0",,,,,,,,,
,25,2014.04 週間業務計画表.xls,\\Nasm01\10\351400000\07．手配\01．保全G\01.月間予定\2024年以前\2014(H26)年度予定表\H26年度４月週間業務計画表.xls,,,1,,,,,,,,,オフセット_5,,,,担当：,"4,0",,,,,,,
,26,2014.05 週間業務計画表.xls,\\Nasm01\10\351400000\07．手配\01．保全G\01.月間予定\2024年以前\2014(H26)年度予定表\H26年度５月週間業務計画表.xls,,,1,,,,,,,,,オフセット_6,担当の名前,"4,2","5,2",,,,,,,,,
,27,2014.06 週間業務計画表.xls,\\Nasm01\10\351400000\07．手配\01．保全G\01.月間予定\2024年以前\2014(H26)年度予定表\H26年度６月週間業務計画表.xls,,,1,,,,,,,,,オフセット_7,工事種類（旧：点検種類）,"5,0","5,0",,,,,,,,,
,28,2014.07 週間業務計画表.xls,\\Nasm01\10\351400000\07．手配\01．保全G\01.月間予定\2024年以前\2014(H26)年度予定表\H26年度７月週間業務計画表.xls,,,1,,,,,,,,,オフセット_8,人数,"5,2","1,2",,,,,,,,,
,29,2014.08 週間業務計画表.xls,\\Nasm01\10\351400000\07．手配\01．保全G\01.月間予定\2024年以前\2014(H26)年度予定表\H26年度８月週間業務計画表.xls,,,1,,,,,,,,,オフセット_9,作業員,"6,0","6,0",,,,,,,,,
,30,2014.09 週間業務計画表.xls,\\Nasm01\10\351400000\07．手配\01．保全G\01.月間予定\2024年以前\2014(H26)年度予定表\H26年度９月週間業務計画表.xls,,,1,,,,,,,,,オフセット_10,,,,,,,,,,,,
,31,2014.10 週間業務計画表.xls,\\Nasm01\10\351400000\07．手配\01．保全G\01.月間予定\2024年以前\2014(H26)年度予定表\H26年度１０月週間業務計画表.xls,,,1,,,,,,,,,オフセット_11,,,"4,0",旧：その他（作業名3(制通部門) or 開始時間）,,,,,,,,
,32,2014.11 週間業務計画表.xls,\\Nasm01\10\351400000\07．手配\01．保全G\01.月間予定\2024年以前\2014(H26)年度予定表\H26年度１１月週間業務計画表.xls,,,1,,,,,,,,,オフセット_12,,,"4,2",終了時間,,,,,,,,
,33,2014.12 週間業務計画表.xls,\\Nasm01\10\351400000\07．手配\01．保全G\01.月間予定\2024年以前\2014(H26)年度予定表\H26年度１２月週間業務計画表.xls,,,1,,,,,,,,,オフセット_13,,,左：制御、右：変電,分類1,,,,,,,,
,34,2015.01 週間業務計画表.xls,\\Nasm01\10\351400000\07．手配\01．保全G\01.月間予定\2024年以前\2014(H26)年度予定表\H26年度１月週間業務計画表.xls,,,1,,,,,,,,,オフセット_14,,,,,,,,,,,,
,35,2015.02 週間業務計画表.xlsm,\\Nasm01\10\351400000\07．手配\01．保全G\01.月間予定\2024年以前\2014(H26)年度予定表\H26年度２月週間業務計画表.xlsm,,,1,,,,,,,,,オフセット_15,,,,,,,,,,,,
,36,2015.03 週間業務計画表.xlsm,\\Nasm01\10\351400000\07．手配\01．保全G\01.月間予定\2024年以前\2014(H26)年度予定表\H26年度３月週間業務計画表.xlsm,,,1,,,,,,,,,,,,,,,,,,,,,
,,,,,,1,,,,メモ,回数,管内1,管内2,分類1,分類2,分類3,シート名_1,シート名_2,シート名_3,シート名_4,シート名_5,シート名_6,シート名_7,シート名_8,シート名_9,シート名_10,
,,,,,,1,,,,1つ目_工程列数(作業人数),1,大阪北,野江,,,,4,4,4,4,4,,,,,,B:E
,37,2015.04 週間業務計画表.xlsm,\\Nasm01\10\351400000\07．手配\01．保全G\01.月間予定\2024年以前\2015(H27)年度予定表\H27年度４月週間業務計画表.xlsm,,,1,,,,2つ目_工程列数(作業人数),2,大阪北,野江,,,,4,4,4,4,4,,,,,,F:I
,38,2015.05 週間業務計画表.xlsm,\\Nasm01\10\351400000\07．手配\01．保全G\01.月間予定\2024年以前\2015(H27)年度予定表\H27年度５月週間業務計画表.xlsm,,,1,,,,3つ目_工程列数(作業人数),3,大阪北,野江,,,,4,4,4,4,4,,,,,,J:M
,39,2015.06 週間業務計画表.xlsm,\\Nasm01\10\351400000\07．手配\01．保全G\01.月間予定\2024年以前\2015(H27)年度予定表\H27年度６月週間業務計画表.xlsm,,,1,,,,4つ目_工程列数(作業人数),4,大阪北,野江,,,,5,5,5,5,5,,,,,,N:R
,40,2015.07 週間業務計画表.xlsm,\\Nasm01\10\351400000\07．手配\01．保全G\01.月間予定\2024年以前\2015(H27)年度予定表\H27年度７月週間業務計画表.xlsm,,,1,,,,1つ目_工程列数(作業人数),5,大阪北,小曽根,,,,4,4,4,4,4,,,,,,S:V
,41,2015.08 週間業務計画表.xlsm,\\Nasm01\10\351400000\07．手配\01．保全G\01.月間予定\2024年以前\2015(H27)年度予定表\H27年度８月週間業務計画表.xlsm,,,1,,,,2つ目_工程列数(作業人数),6,大阪北,小曽根,,,,4,4,4,4,4,,,,,,W:Z
,42,2015.09 週間業務計画表.xlsm,\\Nasm01\10\351400000\07．手配\01．保全G\01.月間予定\2024年以前\2015(H27)年度予定表\H27年度９月週間業務計画表.xlsm,,,1,,,,3つ目_工程列数(作業人数),7,大阪北,小曽根,,,,4,4,4,4,4,,,,,,AA:AD
,43,2015.10 週間業務計画表.xlsm,\\Nasm01\10\351400000\07．手配\01．保全G\01.月間予定\2024年以前\2015(H27)年度予定表\H27年度１０月週間業務計画表.xlsm,,,1,,,,4つ目_工程列数(作業人数),8,大阪北,小曽根,,,,5,5,5,5,5,,,,,,AE:AI
,44,2015.11 週間業務計画表.xlsm,\\Nasm01\10\351400000\07．手配\01．保全G\01.月間予定\2024年以前\2015(H27)年度予定表\H27年度１１月週間業務計画表.xlsm,,,1,,,,1つ目_工程列数(作業人数),9,南大阪,我孫子,,,,4,4,4,4,4,,,,,,AJ:AM
,45,2015.12 週間業務計画表.xlsm,\\Nasm01\10\351400000\07．手配\01．保全G\01.月間予定\2024年以前\2015(H27)年度予定表\H27年度１２月週間業務計画表.xlsm,,,1,,,,2つ目_工程列数(作業人数),10,南大阪,我孫子,,,,4,4,4,4,4,,,,,,AN:AQ
,46,2016.01 週間業務計画表.xlsm,\\Nasm01\10\351400000\07．手配\01．保全G\01.月間予定\2024年以前\2015(H27)年度予定表\H27年度１月週間業務計画表.xlsm,,,1,,,,3つ目_工程列数(作業人数),11,南大阪,我孫子,,,,4,4,4,4,4,,,,,,AR:AU
,47,2016.02 週間業務計画表.xlsm,\\Nasm01\10\351400000\07．手配\01．保全G\01.月間予定\2024年以前\2015(H27)年度予定表\H27年度２月週間業務計画表.xlsm,,,1,,,,4つ目_工程列数(作業人数),12,南大阪,我孫子,,,,5,5,5,5,5,,,,,,AV:AZ
,48,2016.03 週間業務計画表.xlsm,\\Nasm01\10\351400000\07．手配\01．保全G\01.月間予定\2024年以前\2015(H27)年度予定表\H27年度３月週間業務計画表.xlsm,,,1,,,,1つ目_工程列数(作業人数),13,南大阪,南大阪,,,,4,4,4,4,4,,,,,,BA:BD
,,,,,,1,,,,2つ目_工程列数(作業人数),14,南大阪,南大阪,,,,4,4,4,4,4,,,,,,BE:BH
,,,,,,1,,,,3つ目_工程列数(作業人数),15,南大阪,南大阪,,,,4,4,4,4,4,,,,,,BI:BL
,49,2016.04 週間業務計画表.xlsm,\\Nasm01\10\351400000\07．手配\01．保全G\01.月間予定\2024年以前\2016(H28)年度予定表\H28年度4月週間業務計画表.xlsm,,,1,,,,4つ目_工程列数(作業人数),16,南大阪,南大阪,,,,5,5,5,5,5,,,,,,BM:BQ
,50,2016.05 週間業務計画表.xlsm,\\Nasm01\10\351400000\07．手配\01．保全G\01.月間予定\2024年以前\2016(H28)年度予定表\H28年度5月週間業務計画表.xlsm,,,1,,,,1つ目_工程列数(作業人数),17,神戸,神戸,,,,4,4,4,4,4,,,,,,BR:BU
,51,2016.06 週間業務計画表.xlsm,\\Nasm01\10\351400000\07．手配\01．保全G\01.月間予定\2024年以前\2016(H28)年度予定表\H28年度6月週間業務計画表.xlsm,,,1,,,,2つ目_工程列数(作業人数),18,神戸,神戸,,,,4,4,4,4,4,,,,,,BV:BY
,52,2016.07 週間業務計画表.xlsm,\\Nasm01\10\351400000\07．手配\01．保全G\01.月間予定\2024年以前\2016(H28)年度予定表\H28年度7月週間業務計画表.xlsm,,,1,,,,3つ目_工程列数(作業人数),19,神戸,神戸,,,,4,4,4,4,4,,,,,,BZ:CC
,53,2016.08 週間業務計画表.xlsm,\\Nasm01\10\351400000\07．手配\01．保全G\01.月間予定\2024年以前\2016(H28)年度予定表\H28年度8月週間業務計画表.xlsm,,,1,,,,4つ目_工程列数(作業人数),20,神戸,神戸,,,,5,5,5,5,5,,,,,,CD:CH
,54,2016.09 週間業務計画表.xlsm,\\Nasm01\10\351400000\07．手配\01．保全G\01.月間予定\2024年以前\2016(H28)年度予定表\H28年度9月週間業務計画表.xlsm,,,1,,,,1つ目_工程列数(作業人数),21,神戸,尼崎,,,,4,4,4,4,4,,,,,,CI:CL
,55,2016.10 週間業務計画表.xlsm,\\Nasm01\10\351400000\07．手配\01．保全G\01.月間予定\2024年以前\2016(H28)年度予定表\H28年度10月週間業務計画表.xlsm,,,1,,,,2つ目_工程列数(作業人数),22,神戸,尼崎,,,,4,4,4,4,4,,,,,,CM:CP
,56,2016.11 週間業務計画表.xlsm,\\Nasm01\10\351400000\07．手配\01．保全G\01.月間予定\2024年以前\2016(H28)年度予定表\H28年度11月週間業務計画表.xlsm,,,1,,,,3つ目_工程列数(作業人数),23,神戸,尼崎,,,,4,4,4,4,4,,,,,,CQ:CT
,57,2016.12 週間業務計画表.xlsm,\\Nasm01\10\351400000\07．手配\01．保全G\01.月間予定\2024年以前\2016(H28)年度予定表\H28年度12月週間業務計画表.xlsm,,,1,,,,4つ目_工程列数(作業人数),24,神戸,尼崎,,,,5,5,5,5,5,,,,,,CU:CY
,58,2017.01 週間業務計画表.xlsm,\\Nasm01\10\351400000\07．手配\01．保全G\01.月間予定\2024年以前\2016(H28)年度予定表\H28年度1月週間業務計画表.xlsm,,,1,,,,1つ目_工程列数(作業人数),25,奈良,奈良・吉野,,,,4,4,4,4,4,,,,,,CZ:DC
,59,2017.02 週間業務計画表.xlsm,\\Nasm01\10\351400000\07．手配\01．保全G\01.月間予定\2024年以前\2016(H28)年度予定表\H28年度2月週間業務計画表.xlsm,,,1,,,,2つ目_工程列数(作業人数),26,奈良,奈良・吉野,,,,4,4,4,4,4,,,,,,DD:DG
,60,2017.03 週間業務計画表.xlsm,\\Nasm01\10\351400000\07．手配\01．保全G\01.月間予定\2024年以前\2016(H28)年度予定表\H28年度3月週間業務計画表.xlsm,,,1,,,,3つ目_工程列数(作業人数),27,奈良,奈良・吉野,,,,4,4,4,4,4,,,,,,DH:DK
,,,,,,1,,,,1つ目_工程列数(作業人数),28,吉野水力ｾﾝﾀｰ,吉野水力ｾﾝﾀｰ,,,,4,4,4,4,4,,,,,,DL:DO
,,,,,,1,,,,2つ目_工程列数(作業人数),29,吉野水力ｾﾝﾀｰ,吉野水力ｾﾝﾀｰ,,,,4,4,4,4,4,,,,,,DP:DS
,61,2017.04 週間業務計画表.xlsm,\\Nasm01\10\351400000\07．手配\01．保全G\01.月間予定\2024年以前\2017(H29)年度予定表\H29年度4月週間業務計画表.xlsm,,,1,,,,1つ目_工程列数(作業人数),30,応援他,応援他,,,,4,4,4,4,4,,,,,,DT:DW
,62,2017.05 週間業務計画表.xlsm,\\Nasm01\10\351400000\07．手配\01．保全G\01.月間予定\2024年以前\2017(H29)年度予定表\H29年度5月週間業務計画表.xlsm,,,1,,,,2つ目_工程列数(作業人数),31,応援他,応援他,,,,4,4,4,4,4,,,,,,DX:EA
,63,2017.06 週間業務計画表.xlsm,\\Nasm01\10\351400000\07．手配\01．保全G\01.月間予定\2024年以前\2017(H29)年度予定表\H29年度6月週間業務計画表.xlsm,,,1,,,,3つ目_工程列数(作業人数),32,応援他,応援他,,,,4,4,4,4,4,,,,,,EB:EE
,64,2017.07 週間業務計画表.xlsm,\\Nasm01\10\351400000\07．手配\01．保全G\01.月間予定\2024年以前\2017(H29)年度予定表\H29年度7月週間業務計画表.xlsm,,,1,,,,1つ目_工程列数(作業人数),33,応援･教育･その他,応援･教育･その他,,,,4,4,4,4,4,,,,,,EF:EI
,65,2017.08 週間業務計画表.xlsm,\\Nasm01\10\351400000\07．手配\01．保全G\01.月間予定\2024年以前\2017(H29)年度予定表\H29年度8月週間業務計画表.xlsm,,,1,,,,2つ目_工程列数(作業人数),34,応援･教育･その他,応援･教育･その他,,,,4,4,4,4,4,,,,,,EJ:EM
,66,2017.09 週間業務計画表.xlsm,\\Nasm01\10\351400000\07．手配\01．保全G\01.月間予定\2024年以前\2017(H29)年度予定表\H29年度9月週間業務計画表.xlsm,,,1,,,,3つ目_工程列数(作業人数),35,応援･教育･その他,応援･教育･その他,,,,4,4,4,4,4,,,,,,EN:EQ
,67,2017.10 週間業務計画表.xlsm,\\Nasm01\10\351400000\07．手配\01．保全G\01.月間予定\2024年以前\2017(H29)年度予定表\H29年度10月週間業務計画表.xlsm,,,1,,,,4つ目_工程列数(作業人数),36,応援･教育･その他,応援･教育･その他,,,,4,4,4,4,4,,,,,,ER:EU
,68,2017.11 週間業務計画表.xlsm,\\Nasm01\10\351400000\07．手配\01．保全G\01.月間予定\2024年以前\2017(H29)年度予定表\H29年度11月週間業務計画表.xlsm,,,1,,,,5つ目_工程列数(作業人数),37,応援･教育･その他,応援･教育･その他,,,,7,7,7,7,7,,,,,,EV:FB
,69,2017.12 週間業務計画表.xlsm,\\Nasm01\10\351400000\07．手配\01．保全G\01.月間予定\2024年以前\2017(H29)年度予定表\H29年度12月週間業務計画表.xlsm,,,1,,,,6つ目_工程列数(作業人数),38,応援･教育･その他,応援･教育･その他,,,,7,7,7,7,7,,,,,,FC:FI
,70,2018.01 週間業務計画表.xlsm,\\Nasm01\10\351400000\07．手配\01．保全G\01.月間予定\2024年以前\2017(H29)年度予定表\H29年度1月週間業務計画表.xlsm,,,1,,,,7つ目_工程列数(作業人数),39,応援･教育･その他,応援･教育･その他,,,,7,7,7,7,7,,,,,,FJ:FP
,71,2018.02 週間業務計画表.xlsm,\\Nasm01\10\351400000\07．手配\01．保全G\01.月間予定\2024年以前\2017(H29)年度予定表\H29年度2月週間業務計画表.xlsm,,,,,,,,,,,,,,,,,,,,,,,,
,72,2018.03 週間業務計画表.xlsm,\\Nasm01\10\351400000\07．手配\01．保全G\01.月間予定\2024年以前\2017(H29)年度予定表\H29年度3月週間業務計画表.xlsm,,,,,,,,,,,,,,,,,,,,,,,,
,,,,,,2025.04,,,,,,,,,,シート名_1,第1週,,シート名,,,,,,,,
,,,,,,2025.04,,,,,,,,,,シート名_2,第2週,,シート名,,,,,,,,
,73,2018.04 週間業務計画表.xlsm,\\Nasm01\10\351400000\07．手配\01．保全G\01.月間予定\2024年以前\2018(H30)年度予定表\H30年度4月週間業務計画表.xlsm,,,2025.04,,,,,,,,,,シート名_3,第3週,,シート名,,,,,,,,
,74,2018.05 週間業務計画表.xlsm,\\Nasm01\10\351400000\07．手配\01．保全G\01.月間予定\2024年以前\2018(H30)年度予定表\H30年度5月週間業務計画表.xlsm,,,2025.04,,,,,,,,,,シート名_4,第4週,,シート名,,,,,,,,
,75,2018.06 週間業務計画表.xlsm,\\Nasm01\10\351400000\07．手配\01．保全G\01.月間予定\2024年以前\2018(H30)年度予定表\H30年度6月週間業務計画表.xlsm,,,2025.04,,,,,,,,,,シート名_5,第5週,,シート名,,,,,,,,
,76,2018.07 週間業務計画表.xlsm,\\Nasm01\10\351400000\07．手配\01．保全G\01.月間予定\2024年以前\2018(H30)年度予定表\H30年度7月週間業務計画表.xlsm,,,2025.04,,,,,,,,,,シート名_6,,,シート名,,,,,,,,
,77,2018.08 週間業務計画表.xlsm,\\Nasm01\10\351400000\07．手配\01．保全G\01.月間予定\2024年以前\2018(H30)年度予定表\H30年度8月週間業務計画表.xlsm,,,2025.04,,,,,,,,,,シート名_7,,,シート名,,,,,,,,
,78,2018.09 週間業務計画表.xlsm,\\Nasm01\10\351400000\07．手配\01．保全G\01.月間予定\2024年以前\2018(H30)年度予定表\H30年度9月週間業務計画表.xlsm,,,2025.04,,,,,,,,,,シート名_8,,,シート名,,,,,,,,
,79,2018.10 週間業務計画表.xlsm,\\Nasm01\10\351400000\07．手配\01．保全G\01.月間予定\2024年以前\2018(H30)年度予定表\H30年度10月週間業務計画表.xlsm,,,2025.04,,,,,,,,,,シート名_9,,,シート名,,,,,,,,
,80,2018.11 週間業務計画表.xlsm,\\Nasm01\10\351400000\07．手配\01．保全G\01.月間予定\2024年以前\2018(H30)年度予定表\H30年度11月週間業務計画表.xlsm,,,2025.04,,,,,,,,,,シート名_10,,,シート名,,,,,,,,
,81,2018.12 週間業務計画表.xlsm,\\Nasm01\10\351400000\07．手配\01．保全G\01.月間予定\2024年以前\2018(H30)年度予定表\H30年度12月週間業務計画表.xlsm,,,2025.04,,,,,,,,,,,,,,,,,,,,,
,82,2019.01 週間業務計画表.xlsm,\\Nasm01\10\351400000\07．手配\01．保全G\01.月間予定\2024年以前\2018(H30)年度予定表\H30年度1月週間業務計画表.xlsm,,,2025.04,,,,,,,,,,工程表ヘッダー行数,3,1:3,行,無視。4から処理を繰り返す,,,,,,,
,83,2019.02 週間業務計画表.xlsm,\\Nasm01\10\351400000\07．手配\01．保全G\01.月間予定\2024年以前\2018(H30)年度予定表\H30年度2月週間業務計画表.xlsm,,,2025.04,,,,,,,,,,工程表ヘッダー列数,1,A,列,無視。Bから処理を繰り返す,,,,,,,
,84,2019.03 週間業務計画表.xlsm,\\Nasm01\10\351400000\07．手配\01．保全G\01.月間予定\2024年以前\2018(H30)年度予定表\H30年度3月週間業務計画表.xlsm,,,2025.04,,,,,,,,,,1日の行数,8,,行,"8行が1日。基準セルよりOffsetで使用。4:11, 12:19, 20:27, 28:35, 36:43, 44:51, 52:59",,,,,,,
,,,,,,2025.04,,,,,,,,,,1週間の日数,7,,回（日）,縦に7回繰り返す,,,,,,,
,,,,,,2025.04,,,,,,,,,,,,,,,,,,,,,
,85,2019.04 週間業務計画表.xlsm,\\Nasm01\10\351400000\07．手配\01．保全G\01.月間予定\2024年以前\2019年度予定表\2019年度4月週間業務計画表.xlsm,,,2025.04,,,,,,,,,,年の取得場所,FR2,,アドレス,,,,,,,,
,86,2019.05 週間業務計画表.xlsm,\\Nasm01\10\351400000\07．手配\01．保全G\01.月間予定\2024年以前\2019年度予定表\2019年度5月週間業務計画表.xlsm,,,2025.04,,,,,,,,,,月の取得場所,GB2,,アドレス,,,,,,,,
,87,2019.06 週間業務計画表.xlsm,\\Nasm01\10\351400000\07．手配\01．保全G\01.月間予定\2024年以前\2019年度予定表\2019年度6月週間業務計画表.xlsm,,,2025.04,,,,,,,,,,日の取得位置,A,A,列,,,,,,,,
,88,2019.07 週間業務計画表.xlsm,\\Nasm01\10\351400000\07．手配\01．保全G\01.月間予定\2024年以前\2019年度予定表\2019年度7月週間業務計画表.xlsm,,,2025.04,,,,,,,,,,日の取得位置,3,,行目,"6, 14, 22, 30, 38, 46, 54",,,,,,,
,89,2019.08 週間業務計画表.xlsm,\\Nasm01\10\351400000\07．手配\01．保全G\01.月間予定\2024年以前\2019年度予定表\2019年度8月週間業務計画表.xlsm,,,2025.04,,,,,,,,,,,,,,,,,,,,,
,90,2019.09 週間業務計画表.xlsm,\\Nasm01\10\351400000\07．手配\01．保全G\01.月間予定\2024年以前\2019年度予定表\2019年度9月週間業務計画表.xlsm,,,2025.04,,,,,,,,,,1日の工程数,39,B:FP,回,横に39回繰り返す,,,,,,,
,91,2019.10 週間業務計画表.xlsm,\\Nasm01\10\351400000\07．手配\01．保全G\01.月間予定\2024年以前\2019年度予定表\2019年度10月週間業務計画表.xlsm,,,2025.04,,,,,,,,,,,,,,,,,,,,,
,92,2019.11 週間業務計画表.xlsm,\\Nasm01\10\351400000\07．手配\01．保全G\01.月間予定\2024年以前\2019年度予定表\2019年度11月週間業務計画表.xlsm,,,2025.04,,,,,,,,,,抽出内容（ヘッダー最終行）,現工程表,旧工程表,,,,,,,,,
,93,2019.12 週間業務計画表.xlsm,\\Nasm01\10\351400000\07．手配\01．保全G\01.月間予定\2024年以前\2019年度予定表\2019年度12月週間業務計画表.xlsm,,,2025.04,,,,,,,,オフセット,オフセット_1,工番,"0,0","1,0",,,,,,,,,
,94,2020.01 週間業務計画表.xlsm,\\Nasm01\10\351400000\07．手配\01．保全G\01.月間予定\2024年以前\2019年度予定表\2019年度1月週間業務計画表.xlsm,,,2025.04,,,,,,,,,オフセット_2,変電所,"1,0","0,0",,,,,,,,,
,95,2020.02 週間業務計画表.xlsm,\\Nasm01\10\351400000\07．手配\01．保全G\01.月間予定\2024年以前\2019年度予定表\2019年度2月週間業務計画表.xlsm,,,2025.04,,,,,,,,,オフセット_3,作業名1,"2,0","2,0",,,,,,,,,
,96,2020.03 週間業務計画表.xlsm,\\Nasm01\10\351400000\07．手配\01．保全G\01.月間予定\2024年以前\2019年度予定表\2019年度3月週間業務計画表.xlsm,,,2025.04,,,,,,,,,オフセット_4,作業名2(旧：制通部門),"3,0","3,0",,,,,,,,,
,,,,,,2025.04,,,,,,,,,オフセット_5,,,,担当：,"4,0",,,,,,,
,,,,,,2025.04,,,,,,,,,オフセット_6,担当の名前,"4,2","5,2",,,,,,,,,
,97,2020.04 週間業務計画表.xlsm,\\Nasm01\10\351400000\07．手配\01．保全G\01.月間予定\2024年以前\2020年度予定表\2020年度4月週間業務計画表.xlsm,,,2025.04,,,,,,,,,オフセット_7,工事種類（旧：点検種類）,"5,0","5,0",,,,,,,,,
,98,2020.05 週間業務計画表.xlsm,\\Nasm01\10\351400000\07．手配\01．保全G\01.月間予定\2024年以前\2020年度予定表\2020年度5月週間業務計画表.xlsm,,,2025.04,,,,,,,,,オフセット_8,人数,"5,2","1,2",,,,,,,,,
,99,2020.06 週間業務計画表.xlsm,\\Nasm01\10\351400000\07．手配\01．保全G\01.月間予定\2024年以前\2020年度予定表\2020年度6月週間業務計画表.xlsm,,,2025.04,,,,,,,,,オフセット_9,作業員,"6,0","6,0",,,,,,,,,
,100,2020.07 週間業務計画表.xlsm,\\Nasm01\10\351400000\07．手配\01．保全G\01.月間予定\2024年以前\2020年度予定表\2020年度7月週間業務計画表.xlsm,,,2025.04,,,,,,,,,オフセット_10,,,,,,,,,,,,
,101,2020.08 週間業務計画表.xlsm,\\Nasm01\10\351400000\07．手配\01．保全G\01.月間予定\2024年以前\2020年度予定表\2020年度8月週間業務計画表.xlsm,,,2025.04,,,,,,,,,オフセット_11,,,"4,0",旧：その他（作業名3(制通部門) or 開始時間）,,,,,,,,
,102,2020.09 週間業務計画表.xlsm,\\Nasm01\10\351400000\07．手配\01．保全G\01.月間予定\2024年以前\2020年度予定表\2020年度9月週間業務計画表.xlsm,,,2025.04,,,,,,,,,オフセット_12,,,"4,2",終了時間,,,,,,,,
,103,2020.10 週間業務計画表.xlsm,\\Nasm01\10\351400000\07．手配\01．保全G\01.月間予定\2024年以前\2020年度予定表\2020年度10月週間業務計画表.xlsm,,,2025.04,,,,,,,,,オフセット_13,,,左：制御、右：変電,分類1,,,,,,,,
,104,2020.11 週間業務計画表.xlsm,\\Nasm01\10\351400000\07．手配\01．保全G\01.月間予定\2024年以前\2020年度予定表\2020年度11月週間業務計画表.xlsm,,,2025.04,,,,,,,,,オフセット_14,,,,,,,,,,,,
,105,2020.12 週間業務計画表.xlsm,\\Nasm01\10\351400000\07．手配\01．保全G\01.月間予定\2024年以前\2020年度予定表\2020年度12月週間業務計画表.xlsm,,,2025.04,,,,,,,,,オフセット_15,,,,,,,,,,,,
,106,2021.01 週間業務計画表.xlsm,\\Nasm01\10\351400000\07．手配\01．保全G\01.月間予定\2024年以前\2020年度予定表\2020年度1月週間業務計画表.xlsm,,,2025.04,,,,,,,,,,,,,,,,,,,,,
,107,2021.02 週間業務計画表.xlsm,\\Nasm01\10\351400000\07．手配\01．保全G\01.月間予定\2024年以前\2020年度予定表\2020年度2月週間業務計画表.xlsm,,,2025.04,,,,メモ,回数,管内1,管内2,分類1,分類2,分類3,シート名_1,シート名_2,シート名_3,シート名_4,シート名_5,シート名_6,シート名_7,シート名_8,シート名_9,シート名_10,
,108,2021.03 週間業務計画表.xlsm,\\Nasm01\10\351400000\07．手配\01．保全G\01.月間予定\2024年以前\2020年度予定表\2020年度3月週間業務計画表.xlsm,,,2025.04,,,,1つ目_工程列数(作業人数),1,大阪北,野江,,,,4,4,4,4,4,,,,,,
,,,,,,2025.04,,,,2つ目_工程列数(作業人数),2,大阪北,野江,,,,4,4,4,4,4,,,,,,
,,,,,,2025.04,,,,3つ目_工程列数(作業人数),3,大阪北,野江,,,,4,4,4,4,4,,,,,,
,109,2021.04 週間業務計画表.xlsm,\\Nasm01\10\351400000\07．手配\01．保全G\01.月間予定\2024年以前\2021年度予定表\2021年度4月週間業務計画表.xlsm,,,2025.04,,,,4つ目_工程列数(作業人数),4,大阪北,野江,,,,5,5,5,5,5,,,,,,
,110,2021.05 週間業務計画表.xlsm,\\Nasm01\10\351400000\07．手配\01．保全G\01.月間予定\2024年以前\2021年度予定表\2021年度5月週間業務計画表.xlsm,,,2025.04,,,,1つ目_工程列数(作業人数),5,大阪北,小曽根,,,,4,4,4,4,4,,,,,,
,111,2021.06 週間業務計画表.xlsm,\\Nasm01\10\351400000\07．手配\01．保全G\01.月間予定\2024年以前\2021年度予定表\2021年度6月週間業務計画表.xlsm,,,2025.04,,,,2つ目_工程列数(作業人数),6,大阪北,小曽根,,,,4,4,4,4,4,,,,,,
,112,2021.07 週間業務計画表.xlsm,\\Nasm01\10\351400000\07．手配\01．保全G\01.月間予定\2024年以前\2021年度予定表\2021年度7月週間業務計画表.xlsm,,,2025.04,,,,3つ目_工程列数(作業人数),7,大阪北,小曽根,,,,4,4,4,4,4,,,,,,
,113,2021.08 週間業務計画表.xlsm,\\Nasm01\10\351400000\07．手配\01．保全G\01.月間予定\2024年以前\2021年度予定表\2021年度8月週間業務計画表.xlsm,,,2025.04,,,,4つ目_工程列数(作業人数),8,大阪北,小曽根,,,,5,5,5,5,5,,,,,,
,114,2021.09 週間業務計画表.xlsm,\\Nasm01\10\351400000\07．手配\01．保全G\01.月間予定\2024年以前\2021年度予定表\2021年度9月週間業務計画表.xlsm,,,2025.04,,,,1つ目_工程列数(作業人数),9,南大阪,我孫子,,,,4,4,4,4,4,,,,,,
,115,2021.10 週間業務計画表.xlsm,\\Nasm01\10\351400000\07．手配\01．保全G\01.月間予定\2024年以前\2021年度予定表\2021年度10月週間業務計画表.xlsm,,,2025.04,,,,2つ目_工程列数(作業人数),10,南大阪,我孫子,,,,4,4,4,4,4,,,,,,
,116,2021.11 週間業務計画表.xlsm,\\Nasm01\10\351400000\07．手配\01．保全G\01.月間予定\2024年以前\2021年度予定表\2021年度11月週間業務計画表.xlsm,,,2025.04,,,,3つ目_工程列数(作業人数),11,南大阪,我孫子,,,,4,4,4,4,4,,,,,,
,117,2021.12 週間業務計画表.xlsm,\\Nasm01\10\351400000\07．手配\01．保全G\01.月間予定\2024年以前\2021年度予定表\2021年度12月週間業務計画表.xlsm,,,2025.04,,,,4つ目_工程列数(作業人数),12,南大阪,我孫子,,,,5,5,5,5,5,,,,,,
,118,2022.01 週間業務計画表.xlsm,\\Nasm01\10\351400000\07．手配\01．保全G\01.月間予定\2024年以前\2021年度予定表\2021年度1月週間業務計画表.xlsm,,,2025.04,,,,1つ目_工程列数(作業人数),13,南大阪,南大阪,,,,4,4,4,4,4,,,,,,
,119,2022.02 週間業務計画表.xlsm,\\Nasm01\10\351400000\07．手配\01．保全G\01.月間予定\2024年以前\2021年度予定表\2021年度2月週間業務計画表.xlsm,,,2025.04,,,,2つ目_工程列数(作業人数),14,南大阪,南大阪,,,,4,4,4,4,4,,,,,,
,120,2022.03 週間業務計画表.xlsm,\\Nasm01\10\351400000\07．手配\01．保全G\01.月間予定\2024年以前\2021年度予定表\2021年度3月週間業務計画表.xlsm,,,2025.04,,,,3つ目_工程列数(作業人数),15,南大阪,南大阪,,,,4,4,4,4,4,,,,,,
,,,,,,2025.04,,,,4つ目_工程列数(作業人数),16,南大阪,南大阪,,,,5,5,5,5,5,,,,,,
,,,,,,2025.04,,,,1つ目_工程列数(作業人数),17,神戸,神戸,,,,4,4,4,4,4,,,,,,
,121,2022.04 週間業務計画表.xlsm,\\Nasm01\10\351400000\07．手配\01．保全G\01.月間予定\2024年以前\2022年度予定表\2022年度4月週間業務計画表.xlsm,,,2025.04,,,,2つ目_工程列数(作業人数),18,神戸,神戸,,,,4,4,4,4,4,,,,,,
,122,2022.05 週間業務計画表.xlsm,\\Nasm01\10\351400000\07．手配\01．保全G\01.月間予定\2024年以前\2022年度予定表\2022年度5月週間業務計画表.xlsm,,,2025.04,,,,3つ目_工程列数(作業人数),19,神戸,神戸,,,,4,4,4,4,4,,,,,,
,123,2022.06 週間業務計画表.xlsm,\\Nasm01\10\351400000\07．手配\01．保全G\01.月間予定\2024年以前\2022年度予定表\2022年度6月週間業務計画表.xlsm,,,2025.04,,,,4つ目_工程列数(作業人数),20,神戸,神戸,,,,5,5,5,5,5,,,,,,
,124,2022.07 週間業務計画表.xlsm,\\Nasm01\10\351400000\07．手配\01．保全G\01.月間予定\2024年以前\2022年度予定表\2022年度7月週間業務計画表.xlsm,,,2025.04,,,,1つ目_工程列数(作業人数),21,神戸,尼崎,,,,4,4,4,4,4,,,,,,
,125,2022.08 週間業務計画表.xlsm,\\Nasm01\10\351400000\07．手配\01．保全G\01.月間予定\2024年以前\2022年度予定表\2022年度8月週間業務計画表.xlsm,,,2025.04,,,,2つ目_工程列数(作業人数),22,神戸,尼崎,,,,4,4,4,4,4,,,,,,
,126,2022.09 週間業務計画表.xlsm,\\Nasm01\10\351400000\07．手配\01．保全G\01.月間予定\2024年以前\2022年度予定表\2022年度9月週間業務計画表.xlsm,,,2025.04,,,,3つ目_工程列数(作業人数),23,神戸,尼崎,,,,4,4,4,4,4,,,,,,
,127,2022.10 週間業務計画表.xlsm,\\Nasm01\10\351400000\07．手配\01．保全G\01.月間予定\2024年以前\2022年度予定表\2022年度10月週間業務計画表.xlsm,,,2025.04,,,,4つ目_工程列数(作業人数),24,神戸,尼崎,,,,5,5,5,5,5,,,,,,
,128,2022.11 週間業務計画表.xlsm,\\Nasm01\10\351400000\07．手配\01．保全G\01.月間予定\2024年以前\2022年度予定表\2022年度11月週間業務計画表.xlsm,,,2025.04,,,,1つ目_工程列数(作業人数),25,奈良,奈良・吉野,,,,4,4,4,4,4,,,,,,
,129,2022.12 週間業務計画表.xlsm,\\Nasm01\10\351400000\07．手配\01．保全G\01.月間予定\2024年以前\2022年度予定表\2022年度12月週間業務計画表.xlsm,,,2025.04,,,,2つ目_工程列数(作業人数),26,奈良,奈良・吉野,,,,4,4,4,4,4,,,,,,
,130,2023.01 週間業務計画表.xlsm,\\Nasm01\10\351400000\07．手配\01．保全G\01.月間予定\2024年以前\2022年度予定表\2022年度1月週間業務計画表.xlsm,,,2025.04,,,,3つ目_工程列数(作業人数),27,奈良,奈良・吉野,,,,4,4,4,4,4,,,,,,
,131,2023.02 週間業務計画表.xlsm,\\Nasm01\10\351400000\07．手配\01．保全G\01.月間予定\2024年以前\2022年度予定表\2022年度2月週間業務計画表.xlsm,,,2025.04,,,,1つ目_工程列数(作業人数),28,吉野水力ｾﾝﾀｰ,吉野水力ｾﾝﾀｰ,,,,4,4,4,4,4,,,,,,
,132,2023.03 週間業務計画表.xlsm,\\Nasm01\10\351400000\07．手配\01．保全G\01.月間予定\2024年以前\2022年度予定表\2022年度3月週間業務計画表.xlsm,,,2025.04,,,,2つ目_工程列数(作業人数),29,吉野水力ｾﾝﾀｰ,吉野水力ｾﾝﾀｰ,,,,4,4,4,4,4,,,,,,
,,,,,,2025.04,,,,1つ目_工程列数(作業人数),30,応援他,応援他,,,,4,4,4,4,4,,,,,,
,,,,,,2025.04,,,,2つ目_工程列数(作業人数),31,応援他,応援他,,,,4,4,4,4,4,,,,,,
,133,2023.04月週間業務計画表.xlsm,\\Nasm01\10\351400000\07．手配\01．保全G\01.月間予定\2024年以前\2023年度\01.週間予定表\2023.04月週間業務計画表.xlsm,,,2025.04,,,,3つ目_工程列数(作業人数),32,応援他,応援他,,,,4,4,4,4,4,,,,,,
,134,2023.05月週間業務計画表.xlsm,\\Nasm01\10\351400000\07．手配\01．保全G\01.月間予定\2024年以前\2023年度\01.週間予定表\2023.05月週間業務計画表.xlsm,,,2025.04,,,,1つ目_工程列数(作業人数),33,応援･教育･その他,応援･教育･その他,,,,4,4,4,4,4,,,,,,
,135,2023.06月週間業務計画表.xlsm,\\Nasm01\10\351400000\07．手配\01．保全G\01.月間予定\2024年以前\2023年度\01.週間予定表\2023.06月週間業務計画表.xlsm,,,2025.04,,,,2つ目_工程列数(作業人数),34,応援･教育･その他,応援･教育･その他,,,,4,4,4,4,4,,,,,,
,136,2023.07月週間業務計画表.xlsm,\\Nasm01\10\351400000\07．手配\01．保全G\01.月間予定\2024年以前\2023年度\01.週間予定表\2023.07月週間業務計画表.xlsm,,,2025.04,,,,3つ目_工程列数(作業人数),35,応援･教育･その他,応援･教育･その他,,,,4,4,4,4,4,,,,,,
,137,2023.08月週間予定表.xlsx,\\Nasm01\10\351400000\07．手配\01．保全G\01.月間予定\2024年以前\2023年度\01.週間予定表\2023.08月週間予定表.xlsx,,,2025.04,,,,4つ目_工程列数(作業人数),36,応援･教育･その他,応援･教育･その他,,,,4,4,4,4,4,,,,,,
,138,2023.09月週間予定表 (2).xlsx,\\Nasm01\10\351400000\07．手配\01．保全G\01.月間予定\2024年以前\2023年度\01.週間予定表\2023.09月週間予定表 (2).xlsx,,,2025.04,,,,5つ目_工程列数(作業人数),37,応援･教育･その他,応援･教育･その他,,,,7,7,7,7,7,,,,,,
,139,2023.09月週間予定表.xlsx,\\Nasm01\10\351400000\07．手配\01．保全G\01.月間予定\2024年以前\2023年度\01.週間予定表\2023.09月週間予定表.xlsx,,,2025.04,,,,6つ目_工程列数(作業人数),38,応援･教育･その他,応援･教育･その他,,,,7,7,7,7,7,,,,,,
,140,2023.10月週間予定表.xlsx,\\Nasm01\10\351400000\07．手配\01．保全G\01.月間予定\2024年以前\2023年度\01.週間予定表\2023.10月週間予定表.xlsx,,,2025.04,,,,7つ目_工程列数(作業人数),39,応援･教育･その他,応援･教育･その他,,,,7,8,7,7,7,,,,,,
,141,2023.11月週間予定表.xlsx,\\Nasm01\10\351400000\07．手配\01．保全G\01.月間予定\2024年以前\2023年度\01.週間予定表\2023.11月週間予定表.xlsx,,,,,,,,,,,,,,,,,,,,,,,,
,142,2023.12月週間予定表.xlsx,\\Nasm01\10\351400000\07．手配\01．保全G\01.月間予定\2024年以前\2023年度\01.週間予定表\2023.12月週間予定表.xlsx,,,,,,,,,,,,,,,,,,,,,,,,
,143,2024.01月週間予定表.xlsx,\\Nasm01\10\351400000\07．手配\01．保全G\01.月間予定\2024年以前\2023年度\01.週間予定表\2024.01月週間予定表.xlsx,,,,,,,,,,,,,,,,,,,,,,,,
,144,2024.02月週間予定表.xlsx,\\Nasm01\10\351400000\07．手配\01．保全G\01.月間予定\2024年以前\2023年度\01.週間予定表\2024.02月週間予定表.xlsx,,,,,,,,,,,,,,,,,,,,,,,,
,145,2024.03月週間予定表.xlsx,\\Nasm01\10\351400000\07．手配\01．保全G\01.月間予定\2024年以前\2023年度\01.週間予定表\2024.03月週間予定表.xlsx,,,,,,,,,,,,,,,,,,,,,,,,
,,,,,,,,,,,,,,,,,,,,,,,,,,,
,,,,,,,,,,,,,,,,,,,,,,,,,,,
,146,2024.04 保全G月間予定表.xlsx,\\Nasm01\10\351400000\07．手配\01．保全G\01.月間予定\2024年以前\2024年度\01.週間予定表\2024.04 保全G月間予定表.xlsx,,,,,,,,,,,,,,,,,,,,,,,,
,147,2024.05 保全G月間予定表.xlsx,\\Nasm01\10\351400000\07．手配\01．保全G\01.月間予定\2024年以前\2024年度\01.週間予定表\2024.05 保全G月間予定表.xlsx,,,,,,,,,,,,,,,,,,,,,,,,
,148,2024.06 保全G月間予定表.xlsx,\\Nasm01\10\351400000\07．手配\01．保全G\01.月間予定\2024年以前\2024年度\01.週間予定表\2024.06 保全G月間予定表.xlsx,,,,,,,,,,,,,,,,,,,,,,,,
,149,2024.07 保全G月間予定表.xlsx,\\Nasm01\10\351400000\07．手配\01．保全G\01.月間予定\2024年以前\2024年度\01.週間予定表\2024.07 保全G月間予定表.xlsx,,,,,,,,,,,,,,,,,,,,,,,,
,150,2024.08 保全G月間予定表.xlsx,\\Nasm01\10\351400000\07．手配\01．保全G\01.月間予定\2024年以前\2024年度\01.週間予定表\2024.08 保全G月間予定表.xlsx,,,,,,,,,,,,,,,,,,,,,,,,
,151,2024.09 保全G月間予定表.xlsx,\\Nasm01\10\351400000\07．手配\01．保全G\01.月間予定\2024年以前\2024年度\01.週間予定表\2024.09 保全G月間予定表.xlsx,,,,,,,,,,,,,,,,,,,,,,,,
,152,2024.10 保全G月間予定表.xlsx,\\Nasm01\10\351400000\07．手配\01．保全G\01.月間予定\2024年以前\2024年度\01.週間予定表\2024.10 保全G月間予定表.xlsx,,,,,,,,,,,,,,,,,,,,,,,,
,153,2024.11 保全G月間予定表.xlsx,\\Nasm01\10\351400000\07．手配\01．保全G\01.月間予定\2024年以前\2024年度\01.週間予定表\2024.11 保全G月間予定表.xlsx,,,,,,,,,,,,,,,,,,,,,,,,
,154,2024.12 保全G月間予定表.xlsx,\\Nasm01\10\351400000\07．手配\01．保全G\01.月間予定\2024年以前\2024年度\01.週間予定表\2024.12 保全G月間予定表.xlsx,,,,,,,,,,,,,,,,,,,,,,,,
,155,2025.01 保全G月間予定表.xlsx,\\Nasm01\10\351400000\07．手配\01．保全G\01.月間予定\2024年以前\2024年度\01.週間予定表\2025.01 保全G月間予定表.xlsx,,,,,,,,,,,,,,,,,,,,,,,,
,156,2025.02 保全G月間予定表.xlsx,\\Nasm01\10\351400000\07．手配\01．保全G\01.月間予定\2024年以前\2024年度\01.週間予定表\2025.02 保全G月間予定表.xlsx,,,,,,,,,,,,,,,,,,,,,,,,
,157,2025.03 保全G月間予定表.xlsx,\\Nasm01\10\351400000\07．手配\01．保全G\01.月間予定\2024年以前\2024年度\01.週間予定表\2025.03 保全G月間予定表.xlsx,,,,,,,,,,,,,,,,,,,,,,,,
,,,,,,,,,,,,,,,,,,,,,,,,,,,
,,,,,,,,,,,,,,,,,,,,,,,,,,,
1,158,2025.04 月間予定表.xlsx,\\Nasm01\10\351400000\07．手配\01．保全G\01.月間予定\2025年度\01.週間予定表\2025.04 月間予定表.xlsx,2025.04,,,,,,,,,,,,,,,,,,,,,,,
1,159,2025.05 月間予定表.xlsx,\\Nasm01\10\351400000\07．手配\01．保全G\01.月間予定\2025年度\01.週間予定表\2025.05 月間予定表.xlsx,1,,,,,,,,,,,,,,,,,,,,,,,
1,160,2025.06 月間予定表.xlsx,\\Nasm01\10\351400000\07．手配\01．保全G\01.月間予定\2025年度\01.週間予定表\2025.06 月間予定表.xlsx,1,,,,,,,,,,,,,,,,,,,,,,,
1,161,2025.07 月間予定表.xlsx,\\Nasm01\10\351400000\07．手配\01．保全G\01.月間予定\2025年度\01.週間予定表\2025.07 月間予定表.xlsx,1,,,,,,,,,,,,,,,,,,,,,,,
1,162,2025.08 月間予定表.xlsx,\\Nasm01\10\351400000\07．手配\01．保全G\01.月間予定\2025年度\01.週間予定表\2025.08 月間予定表.xlsx,1,,,,,,,,,,,,,,,,,,,,,,,
1,163,2025.09 月間予定表.xlsx,\\Nasm01\10\351400000\07．手配\01．保全G\01.月間予定\2025年度\01.週間予定表\2025.09 月間予定表.xlsx,1,,,,,,,,,,,,,,,,,,,,,,,
1,164,2025.10 月間予定表.xlsx,\\Nasm01\10\351400000\07．手配\01．保全G\01.月間予定\2025年度\01.週間予定表\2025.10 月間予定表.xlsx,1,,,,,,,,,,,,,,,,,,,,,,,
1,165,2025.11 月間予定表.xlsx,\\Nasm01\10\351400000\07．手配\01．保全G\01.月間予定\2025年度\01.週間予定表\2025.11 月間予定表.xlsx,1,,,,,,,,,,,,,,,,,,,,,,,
1,166,2025.12 月間予定表.xlsx,\\Nasm01\10\351400000\07．手配\01．保全G\01.月間予定\2025年度\01.週間予定表\2025.12 月間予定表.xlsx,1,,,,,,,,,,,,,,,,,,,,,,,
1,167,2026.01 月間予定表.xlsx,\\Nasm01\10\351400000\07．手配\01．保全G\01.月間予定\2025年度\01.週間予定表\2026.01 月間予定表.xlsx,1,,,,,,,,,,,,,,,,,,,,,,,
1,168,2026.02 月間予定表.xlsx,\\Nasm01\10\351400000\07．手配\01．保全G\01.月間予定\2025年度\01.週間予定表\2026.02 月間予定表.xlsx,1,,,,,,,,,,,,,,,,,,,,,,,
1,169,2026.03 月間予定表.xlsx,\\Nasm01\10\351400000\07．手配\01．保全G\01.月間予定\2025年度\01.週間予定表\2026.03 月間予定表.xlsx,1,,,,,,,,,,,,,,,,,,,,,,,
,,,,,,,,,,,,,,,,,,,,,,,,,,,
,,,,,,,,,,,,,,,,,,,,,,,,,,,
,,,,,,,,,,,,,,,,,,,,,,,,,,,
,,,,,,,,,,,,,,,,,,,,,,,,,,,
,,,,,,,,,,,,,,,,,,,,,,,,,,,
,,,,,,,,,,,,,,,,,,,,,,,,,,,
,,,,,,,,,,,,,,,,,,,,,,,,,,,
,,,,,,,,,,,,,,,,,,,,,,,,,,,
,,,,,,,,,,,,,,,,,,,,,,,,,,,
,,,,,,,,,,,,,,,,,,,,,,,,,,,
,,,,,,,,,,,,,,,,,,,,,,,,,,,
,,,,,,,,,,,,,,,,,,,,,,,,,,,
,,,,,,,,,,,,,,,,,,,,,,,,,,,
,,,,,,,,,,,,,,,,,,,,,,,,,,,
,,,,,,,,,,,,,,,,,,,,,,,,,,,
,,,,,,,,,,,,,,,,,,,,,,,,,,,
,,,,,,,,,,,,,,,,,,,,,,,,,,,
,,,,,,,,,,,,,,,,,,,,,,,,,,,
,,,,,,,,,,,,,,,,,,,,,,,,,,,
,,,,,,,,,,,,,,,,,,,,,,,,,,,
,,,,,,,,,,,,,,,,,,,,,,,,,,,
,,,,,,,,,,,,,,,,,,,,,,,,,,,
,,,,,,,,,,,,,,,,,,,,,,,,,,,
,,,,,,,,,,,,,,,,,,,,,,,,,,,
,,,,,,,,,,,,,,,,,,,,,,,,,,,
,,,,,,,,,,,,,,,,,,,,,,,,,,,
,,,,,,,,,,,,,,,,,,,,,,,,,,,
,,,,,,,,,,,,,,,,,,,,,,,,,,,
,,,,,,,,,,,,,,,,,,,,,,,,,,,
,,,,,,,,,,,,,,,,,,,,,,,,,,,
,,,,,,,,,,,,,,,,,,,,,,,,,,,
,,,,,,,,,,,,,,,,,,,,,,,,,,,
,,,,,,,,,,,,,,,,,,,,,,,,,,,
,,,,,,,,,,,,,,,,,,,,,,,,,,,
,,,,,,,,,,,,,,,,,,,,,,,,,,,
,,,,,,,,,,,,,,,,,,,,,,,,,,,
,,,,,,,,,,,,,,,,,,,,,,,,,,,
,,,,,,,,,,,,,,,,,,,,,,,,,,,
,,,,,,,,,,,,,,,,,,,,,,,,,,,
,,,,,,,,,,,,,,,,,,,,,,,,,,,
,,,,,,,,,,,,,,,,,,,,,,,,,,,
,,,,,,,,,,,,,,,,,,,,,,,,,,,
,,,,,,,,,,,,,,,,,,,,,,,,,,,
,,,,,,,,,,,,,,,,,,,,,,,,,,,
,,,,,,,,,,,,,,,,,,,,,,,,,,,
,,,,,,,,,,,,,,,,,,,,,,,,,,,
,,,,,,,,,,,,,,,,,,,,,,,,,,,
,,,,,,,,,,,,,,,,,,,,,,,,,,,
,,,,,,,,,,,,,,,,,,,,,,,,,,,
,,,,,,,,,,,,,,,,,,,,,,,,,,,
,,,,,,,,,,,,,,,,,,,,,,,,,,,
,,,,,,,,,,,,,,,,,,,,,,,,,,,
,,,,,,,,,,,,,,,,,,,,,,,,,,,
,,,,,,,,,,,,,,,,,,,,,,,,,,,
,,,,,,,,,,,,,,,,,,,,,,,,,,,
,,,,,,,,,,,,,,,,,,,,,,,,,,,
,,,,,,,,,,,,,,,,,,,,,,,,,,,
,,,,,,,,,,,,,,,,,,,,,,,,,,,
,,,,,,,,,,,,,,,,,,,,,,,,,,,
,,,,,,,,,,,,,,,,,,,,,,,,,,,
,,,,,,,,,,,,,,,,,,,,,,,,,,,
,,,,,,,,,,,,,,,,,,,,,,,,,,,
,,,,,,,,,,,,,,,,,,,,,,,,,,,
,,,,,,,,,,,,,,,,,,,,,,,,,,,
,,,,,,,,,,,,,,,,,,,,,,,,,,,
,,,,,,,,,,,,,,,,,,,,,,,,,,,
,,,,,,,,,,,,,,,,,,,,,,,,,,,
,,,,,,,,,,,,,,,,,,,,,,,,,,,
,,,,,,,,,,,,,,,,,,,,,,,,,,,
,,,,,,,,,,,,,,,,,,,,,,,,,,,
,,,,,,,,,,,,,,,,,,,,,,,,,,,
,,,,,,,,,,,,,,,,,,,,,,,,,,,
,,,,,,,,,,,,,,,,,,,,,,,,,,,
,,,,,,,,,,,,,,,,,,,,,,,,,,,
,,,,,,,,,,,,,,,,,,,,,,,,,,,
,,,,,,,,,,,,,,,,,,,,,,,,,,,
,,,,,,,,,,,,,,,,,,,,,,,,,,,
,,,,,,,,,,,,,,,,,,,,,,,,,,,
,,,,,,,,,,,,,,,,,,,,,,,,,,,
,,,,,,,,,,,,,,,,,,,,,,,,,,,
,,,,,,,,,,,,,,,,,,,,,,,,,,,
,,,,,,,,,,,,,,,,,,,,,,,,,,,
,,,,,,,,,,,,,,,,,,,,,,,,,,,
,,,,,,,,,,,,,,,,,,,,,,,,,,,
,,,,,,,,,,,,,,,,,,,,,,,,,,,
,,,,,,,,,,,,,,,,,,,,,,,,,,,
,,,,,,,,,,,,,,,,,,,,,,,,,,,
,,,,,,,,,,,,,,,,,,,,,,,,,,,
,,,,,,,,,,,,,,,,,,,,,,,,,,,
,,,,,,,,,,,,,,,,,,,,,,,,,,,
,,,,,,,,,,,,,,,,,,,,,,,,,,,
,,,,,,,,,,,,,,,,,,,,,,,,,,,
,,,,,,,,,,,,,,,,,,,,,,,,,,,
,,,,,,,,,,,,,,,,,,,,,,,,,,,
,,,,,,,,,,,,,,,,,,,,,,,,,,,
,,,,,,,,,,,,,,,,,,,,,,,,,,,
,,,,,,,,,,,,,,,,,,,,,,,,,,,
,,,,,,,,,,,,,,,,,,,,,,,,,,,
,,,,,,,,,,,,,,,,,,,,,,,,,,,
,,,,,,,,,,,,,,,,,,,,,,,,,,,
,,,,,,,,,,,,,,,,,,,,,,,,,,,
,,,,,,,,,,,,,,,,,,,,,,,,,,,
,,,,,,,,,,,,,,,,,,,,,,,,,,,
,,,,,,,,,,,,,,,,,,,,,,,,,,,
,,,,,,,,,,,,,,,,,,,,,,,,,,,
,,,,,,,,,,,,,,,,,,,,,,,,,,,
,,,,,,,,,,,,,,,,,,,,,,,,,,,
,,,,,,,,,,,,,,,,,,,,,,,,,,,
,,,,,,,,,,,,,,,,,,,,,,,,,,,
,,,,,,,,,,,,,,,,,,,,,,,,,,,
,,,,,,,,,,,,,,,,,,,,,,,,,,,
,,,,,,,,,,,,,,,,,,,,,,,,,,,
,,,,,,,,,,,,,,,,,,,,,,,,,,,
,,,,,,,,,,,,,,,,,,,,,,,,,,,
,,,,,,,,,,,,,,,,,,,,,,,,,,,
,,,,,,,,,,,,,,,,,,,,,,,,,,,
,,,,,,,,,,,,,,,,,,,,,,,,,,,
,,,,,,,,,,,,,,,,,,,,,,,,,,,
,,,,,,,,,,,,,,,,,,,,,,,,,,,
,,,,,,,,,,,,,,,,,,,,,,,,,,,
,,,,,,,,,,,,,,,,,,,,,,,,,,,
,,,,,,,,,,,,,,,,,,,,,,,,,,,
,,,,,,,,,,,,,,,,,,,,,,,,,,,
,,,,,,,,,,,,,,,,,,,,,,,,,,,
,,,,,,,,,,,,,,,,,,,,,,,,,,,
,,,,,,,,,,,,,,,,,,,,,,,,,,,
,,,,,,,,,,,,,,,,,,,,,,,,,,,
,,,,,,,,,,,,,,,,,,,,,,,,,,,
,,,,,,,,,,,,,,,,,,,,,,,,,,,
,,,,,,,,,,,,,,,,,,,,,,,,,,,
,,,,,,,,,,,,,,,,,,,,,,,,,,,
,,,,,,,,,,,,,,,,,,,,,,,,,,,
,,,,,,,,,,,,,,,,,,,,,,,,,,,
,,,,,,,,,,,,,,,,,,,,,,,,,,,
,,,,,,,,,,,,,,,,,,,,,,,,,,,
,,,,,,,,,,,,,,,,,,,,,,,,,,,
,,,,,,,,,,,,,,,,,,,,,,,,,,,
,,,,,,,,,,,,,,,,,,,,,,,,,,,
,,,,,,,,,,,,,,,,,,,,,,,,,,,
,,,,,,,,,,,,,,,,,,,,,,,,,,,
,,,,,,,,,,,,,,,,,,,,,,,,,,,
,,,,,,,,,,,,,,,,,,,,,,,,,,,
,,,,,,,,,,,,,,,,,,,,,,,,,,,
,,,,,,,,,,,,,,,,,,,,,,,,,,,
,,,,,,,,,,,,,,,,,,,,,,,,,,,
,,,,,,,,,,,,,,,,,,,,,,,,,,,
,,,,,,,,,,,,,,,,,,,,,,,,,,,
,,,,,,,,,,,,,,,,,,,,,,,,,,,
,,,,,,,,,,,,,,,,,,,,,,,,,,,
,,,,,,,,,,,,,,,,,,,,,,,,,,,
,,,,,,,,,,,,,,,,,,,,,,,,,,,
,,,,,,,,,,,,,,,,,,,,,,,,,,,
,,,,,,,,,,,,,,,,,,,,,,,,,,,
,,,,,,,,,,,,,,,,,,,,,,,,,,,
,,,,,,,,,,,,,,,,,,,,,,,,,,,
,,,,,,,,,,,,,,,,,,,,,,,,,,,
,,,,,,,,,,,,,,,,,,,,,,,,,,,
,,,,,,,,,,,,,,,,,,,,,,,,,,,
,,,,,,,,,,,,,,,,,,,,,,,,,,,
,,,,,,,,,,,,,,,,,,,,,,,,,,,
,,,,,,,,,,,,,,,,,,,,,,,,,,,
,,,,,,,,,,,,,,,,,,,,,,,,,,,
,,,,,,,,,,,,,,,,,,,,,,,,,,,
,,,,,,,,,,,,,,,,,,,,,,,,,,,
,,,,,,,,,,,,,,,,,,,,,,,,,,,
,,,,,,,,,,,,,,,,,,,,,,,,,,,
,,,,,,,,,,,,,,,,,,,,,,,,,,,
,,,,,,,,,,,,,,,,,,,,,,,,,,,
,,,,,,,,,,,,,,,,,,,,,,,,,,,
,,,,,,,,,,,,,,,,,,,,,,,,,,,
,,,,,,,,,,,,,,,,,,,,,,,,,,,
,,,,,,,,,,,,,,,,,,,,,,,,,,,
,,,,,,,,,,,,,,,,,,,,,,,,,,,
,,,,,,,,,,,,,,,,,,,,,,,,,,,
,,,,,,,,,,,,,,,,,,,,,,,,,,,
,,,,,,,,,,,,,,,,,,,,,,,,,,,
,,,,,,,,,,,,,,,,,,,,,,,,,,,
,,,,,,,,,,,,,,,,,,,,,,,,,,,
,,,,,,,,,,,,,,,,,,,,,,,,,,,
,,,,,,,,,,,,,,,,,,,,,,,,,,,
,,,,,,,,,,,,,,,,,,,,,,,,,,,
,,,,,,,,,,,,,,,,,,,,,,,,,,,
,,,,,,,,,,,,,,,,,,,,,,,,,,,
,,,,,,,,,,,,,,,,,,,,,,,,,,,
,,,,,,,,,,,,,,,,,,,,,,,,,,,
,,,,,,,,,,,,,,,,,,,,,,,,,,,
,,,,,,,,,,,,,,,,,,,,,,,,,,,
,,,,,,,,,,,,,,,,,,,,,,,,,,,
,,,,,,,,,,,,,,,,,,,,,,,,,,,
,,,,,,,,,,,,,,,,,,,,,,,,,,,
,,,,,,,,,,,,,,,,,,,,,,,,,,,
,,,,,,,,,,,,,,,,,,,,,,,,,,,
,,,,,,,,,,,,,,,,,,,,,,,,,,,
,,,,,,,,,,,,,,,,,,,,,,,,,,,
,,,,,,,,,,,,,,,,,,,,,,,,,,,
,,,,,,,,,,,,,,,,,,,,,,,,,,,
,,,,,,,,,,,,,,,,,,,,,,,,,,,
,,,,,,,,,,,,,,,,,,,,,,,,,,,
,,,,,,,,,,,,,,,,,,,,,,,,,,,
,,,,,,,,,,,,,,,,,,,,,,,,,,,
,,,,,,,,,,,,,,,,,,,,,,,,,,,
,,,,,,,,,,,,,,,,,,,,,,,,,,,
,,,,,,,,,,,,,,,,,,,,,,,,,,,
,,,,,,,,,,,,,,,,,,,,,,,,,,,
,,,,,,,,,,,,,,,,,,,,,,,,,,,
,,,,,,,,,,,,,,,,,,,,,,,,,,,
,,,,,,,,,,,,,,,,,,,,,,,,,,,
,,,,,,,,,,,,,,,,,,,,,,,,,,,
,,,,,,,,,,,,,,,,,,,,,,,,,,,
,,,,,,,,,,,,,,,,,,,,,,,,,,,
,,,,,,,,,,,,,,,,,,,,,,,,,,,
,,,,,,,,,,,,,,,,,,,,,,,,,,,
,,,,,,,,,,,,,,,,,,,,,,,,,,,
,,,,,,,,,,,,,,,,,,,,,,,,,,,
,,,,,,,,,,,,,,,,,,,,,,,,,,,
,,,,,,,,,,,,,,,,,,,,,,,,,,,
,,,,,,,,,,,,,,,,,,,,,,,,,,,
,,,,,,,,,,,,,,,,,,,,,,,,,,,
,,,,,,,,,,,,,,,,,,,,,,,,,,,
,,,,,,,,,,,,,,,,,,,,,,,,,,,
,,,,,,,,,,,,,,,,,,,,,,,,,,,
,,,,,,,,,,,,,,,,,,,,,,,,,,,
,,,,,,,,,,,,,,,,,,,,,,,,,,,
,,,,,,,,,,,,,,,,,,,,,,,,,,,
,,,,,,,,,,,,,,,,,,,,,,,,,,,
,,,,,,,,,,,,,,,,,,,,,,,,,,,
,,,,,,,,,,,,,,,,,,,,,,,,,,,
,,,,,,,,,,,,,,,,,,,,,,,,,,,
,,,,,,,,,,,,,,,,,,,,,,,,,,,
,,,,,,,,,,,,,,,,,,,,,,,,,,,
,,,,,,,,,,,,,,,,,,,,,,,,,,,
,,,,,,,,,,,,,,,,,,,,,,,,,,,
,,,,,,,,,,,,,,,,,,,,,,,,,,,
,,,,,,,,,,,,,,,,,,,,,,,,,,,
,,,,,,,,,,,,,,,,,,,,,,,,,,,
,,,,,,,,,,,,,,,,,,,,,,,,,,,
,,,,,,,,,,,,,,,,,,,,,,,,,,,
,,,,,,,,,,,,,,,,,,,,,,,,,,,
,,,,,,,,,,,,,,,,,,,,,,,,,,,
,,,,,,,,,,,,,,,,,,,,,,,,,,,
,,,,,,,,,,,,,,,,,,,,,,,,,,,
,,,,,,,,,,,,,,,,,,,,,,,,,,,
,,,,,,,,,,,,,,,,,,,,,,,,,,,
,,,,,,,,,,,,,,,,,,,,,,,,,,,
,,,,,,,,,,,,,,,,,,,,,,,,,,,
,,,,,,,,,,,,,,,,,,,,,,,,,,,
,,,,,,,,,,,,,,,,,,,,,,,,,,,
,,,,,,,,,,,,,,,,,,,,,,,,,,,
,,,,,,,,,,,,,,,,,,,,,,,,,,,
,,,,,,,,,,,,,,,,,,,,,,,,,,,
,,,,,,,,,,,,,,,,,,,,,,,,,,,
,,,,,,,,,,,,,,,,,,,,,,,,,,,
,,,,,,,,,,,,,,,,,,,,,,,,,,,
,,,,,,,,,,,,,,,,,,,,,,,,,,,
,,,,,,,,,,,,,,,,,,,,,,,,,,,
,,,,,,,,,,,,,,,,,,,,,,,,,,,
,,,,,,,,,,,,,,,,,,,,,,,,,,,
,,,,,,,,,,,,,,,,,,,,,,,,,,,
,,,,,,,,,,,,,,,,,,,,,,,,,,,
,,,,,,,,,,,,,,,,,,,,,,,,,,,
,,,,,,,,,,,,,,,,,,,,,,,,,,,
,,,,,,,,,,,,,,,,,,,,,,,,,,,
,,,,,,,,,,,,,,,,,,,,,,,,,,,
,,,,,,,,,,,,,,,,,,,,,,,,,,,
,,,,,,,,,,,,,,,,,,,,,,,,,,,
,,,,,,,,,,,,,,,,,,,,,,,,,,,
,,,,,,,,,,,,,,,,,,,,,,,,,,,
,,,,,,,,,,,,,,,,,,,,,,,,,,,
,,,,,,,,,,,,,,,,,,,,,,,,,,,
,,,,,,,,,,,,,,,,,,,,,,,,,,,
,,,,,,,,,,,,,,,,,,,,,,,,,,,
,,,,,,,,,,,,,,,,,,,,,,,,,,,
,,,,,,,,,,,,,,,,,,,,,,,,,,,
,,,,,,,,,,,,,,,,,,,,,,,,,,,
,,,,,,,,,,,,,,,,,,,,,,,,,,,
,,,,,,,,,,,,,,,,,,,,,,,,,,,
,,,,,,,,,,,,,,,,,,,,,,,,,,,
,,,,,,,,,,,,,,,,,,,,,,,,,,,
,,,,,,,,,,,,,,,,,,,,,,,,,,,
,,,,,,,,,,,,,,,,,,,,,,,,,,,
,,,,,,,,,,,,,,,,,,,,,,,,,,,
,,,,,,,,,,,,,,,,,,,,,,,,,,,
,,,,,,,,,,,,,,,,,,,,,,,,,,,
,,,,,,,,,,,,,,,,,,,,,,,,,,,
,,,,,,,,,,,,,,,,,,,,,,,,,,,
,,,,,,,,,,,,,,,,,,,,,,,,,,,
,,,,,,,,,,,,,,,,,,,,,,,,,,,
,,,,,,,,,,,,,,,,,,,,,,,,,,,
,,,,,,,,,,,,,,,,,,,,,,,,,,,
,,,,,,,,,,,,,,,,,,,,,,,,,,,
,,,,,,,,,,,,,,,,,,,,,,,,,,,
,,,,,,,,,,,,,,,,,,,,,,,,,,,
,,,,,,,,,,,,,,,,,,,,,,,,,,,
,,,,,,,,,,,,,,,,,,,,,,,,,,,
,,,,,,,,,,,,,,,,,,,,,,,,,,,
,,,,,,,,,,,,,,,,,,,,,,,,,,,
,,,,,,,,,,,,,,,,,,,,,,,,,,,
,,,,,,,,,,,,,,,,,,,,,,,,,,,
,,,,,,,,,,,,,,,,,,,,,,,,,,,
,,,,,,,,,,,,,,,,,,,,,,,,,,,
,,,,,,,,,,,,,,,,,,,,,,,,,,,
,,,,,,,,,,,,,,,,,,,,,,,,,,,
,,,,,,,,,,,,,,,,,,,,,,,,,,,
,,,,,,,,,,,,,,,,,,,,,,,,,,,
,,,,,,,,,,,,,,,,,,,,,,,,,,,
,,,,,,,,,,,,,,,,,,,,,,,,,,,
,,,,,,,,,,,,,,,,,,,,,,,,,,,
,,,,,,,,,,,,,,,,,,,,,,,,,,,
,,,,,,,,,,,,,,,,,,,,,,,,,,,
,,,,,,,,,,,,,,,,,,,,,,,,,,,
,,,,,,,,,,,,,,,,,,,,,,,,,,,
,,,,,,,,,,,,,,,,,,,,,,,,,,,
,,,,,,,,,,,,,,,,,,,,,,,,,,,
,,,,,,,,,,,,,,,,,,,,,,,,,,,
,,,,,,,,,,,,,,,,,,,,,,,,,,,
,,,,,,,,,,,,,,,,,,,,,,,,,,,
,,,,,,,,,,,,,,,,,,,,,,,,,,,
,,,,,,,,,,,,,,,,,,,,,,,,,,,
,,,,,,,,,,,,,,,,,,,,,,,,,,,
,,,,,,,,,,,,,,,,,,,,,,,,,,,
,,,,,,,,,,,,,,,,,,,,,,,,,,,
,,,,,,,,,,,,,,,,,,,,,,,,,,,
,,,,,,,,,,,,,,,,,,,,,,,,,,,
,,,,,,,,,,,,,,,,,,,,,,,,,,,
,,,,,,,,,,,,,,,,,,,,,,,,,,,
,,,,,,,,,,,,,,,,,,,,,,,,,,,
,,,,,,,,,,,,,,,,,,,,,,,,,,,
,,,,,,,,,,,,,,,,,,,,,,,,,,,
,,,,,,,,,,,,,,,,,,,,,,,,,,,
,,,,,,,,,,,,,,,,,,,,,,,,,,,
,,,,,,,,,,,,,,,,,,,,,,,,,,,
,,,,,,,,,,,,,,,,,,,,,,,,,,,
,,,,,,,,,,,,,,,,,,,,,,,,,,,
,,,,,,,,,,,,,,,,,,,,,,,,,,,
,,,,,,,,,,,,,,,,,,,,,,,,,,,
,,,,,,,,,,,,,,,,,,,,,,,,,,,
,,,,,,,,,,,,,,,,,,,,,,,,,,,
,,,,,,,,,,,,,,,,,,,,,,,,,,,
,,,,,,,,,,,,,,,,,,,,,,,,,,,
,,,,,,,,,,,,,,,,,,,,,,,,,,,
,,,,,,,,,,,,,,,,,,,,,,,,,,,
,,,,,,,,,,,,,,,,,,,,,,,,,,,
,,,,,,,,,,,,,,,,,,,,,,,,,,,
,,,,,,,,,,,,,,,,,,,,,,,,,,,
,,,,,,,,,,,,,,,,,,,,,,,,,,,
,,,,,,,,,,,,,,,,,,,,,,,,,,,
,,,,,,,,,,,,,,,,,,,,,,,,,,,
,,,,,,,,,,,,,,,,,,,,,,,,,,,
,,,,,,,,,,,,,,,,,,,,,,,,,,,
,,,,,,,,,,,,,,,,,,,,,,,,,,,
,,,,,,,,,,,,,,,,,,,,,,,,,,,
,,,,,,,,,,,,,,,,,,,,,,,,,,,
,,,,,,,,,,,,,,,,,,,,,,,,,,,
,,,,,,,,,,,,,,,,,,,,,,,,,,,
,,,,,,,,,,,,,,,,,,,,,,,,,,,
,,,,,,,,,,,,,,,,,,,,,,,,,,,
,,,,,,,,,,,,,,,,,,,,,,,,,,,
,,,,,,,,,,,,,,,,,,,,,,,,,,,
,,,,,,,,,,,,,,,,,,,,,,,,,,,
,,,,,,,,,,,,,,,,,,,,,,,,,,,
,,,,,,,,,,,,,,,,,,,,,,,,,,,
,,,,,,,,,,,,,,,,,,,,,,,,,,,
,,,,,,,,,,,,,,,,,,,,,,,,,,,
,,,,,,,,,,,,,,,,,,,,,,,,,,,
,,,,,,,,,,,,,,,,,,,,,,,,,,,
,,,,,,,,,,,,,,,,,,,,,,,,,,,
,,,,,,,,,,,,,,,,,,,,,,,,,,,
,,,,,,,,,,,,,,,,,,,,,,,,,,,
,,,,,,,,,,,,,,,,,,,,,,,,,,,
,,,,,,,,,,,,,,,,,,,,,,,,,,,
,,,,,,,,,,,,,,,,,,,,,,,,,,,
,,,,,,,,,,,,,,,,,,,,,,,,,,,
,,,,,,,,,,,,,,,,,,,,,,,,,,,
,,,,,,,,,,,,,,,,,,,,,,,,,,,
,,,,,,,,,,,,,,,,,,,,,,,,,,,
,,,,,,,,,,,,,,,,,,,,,,,,,,,
,,,,,,,,,,,,,,,,,,,,,,,,,,,
,,,,,,,,,,,,,,,,,,,,,,,,,,,
,,,,,,,,,,,,,,,,,,,,,,,,,,,
,,,,,,,,,,,,,,,,,,,,,,,,,,,
,,,,,,,,,,,,,,,,,,,,,,,,,,,
,,,,,,,,,,,,,,,,,,,,,,,,,,,
,,,,,,,,,,,,,,,,,,,,,,,,,,,
,,,,,,,,,,,,,,,,,,,,,,,,,,,
,,,,,,,,,,,,,,,,,,,,,,,,,,,
,,,,,,,,,,,,,,,,,,,,,,,,,,,
,,,,,,,,,,,,,,,,,,,,,,,,,,,
,,,,,,,,,,,,,,,,,,,,,,,,,,,
,,,,,,,,,,,,,,,,,,,,,,,,,,,
,,,,,,,,,,,,,,,,,,,,,,,,,,,
,,,,,,,,,,,,,,,,,,,,,,,,,,,
,,,,,,,,,,,,,,,,,,,,,,,,,,,
,,,,,,,,,,,,,,,,,,,,,,,,,,,
,,,,,,,,,,,,,,,,,,,,,,,,,,,
,,,,,,,,,,,,,,,,,,,,,,,,,,,
,,,,,,,,,,,,,,,,,,,,,,,,,,,
,,,,,,,,,,,,,,,,,,,,,,,,,,,
,,,,,,,,,,,,,,,,,,,,,,,,,,,
,,,,,,,,,,,,,,,,,,,,,,,,,,,
,,,,,,,,,,,,,,,,,,,,,,,,,,,
,,,,,,,,,,,,,,,,,,,,,,,,,,,
,,,,,,,,,,,,,,,,,,,,,,,,,,,
,,,,,,,,,,,,,,,,,,,,,,,,,,,
,,,,,,,,,,,,,,,,,,,,,,,,,,,
,,,,,,,,,,,,,,,,,,,,,,,,,,,
,,,,,,,,,,,,,,,,,,,,,,,,,,,
,,,,,,,,,,,,,,,,,,,,,,,,,,,
,,,,,,,,,,,,,,,,,,,,,,,,,,,
,,,,,,,,,,,,,,,,,,,,,,,,,,,
,,,,,,,,,,,,,,,,,,,,,,,,,,,
,,,,,,,,,,,,,,,,,,,,,,,,,,,
,,,,,,,,,,,,,,,,,,,,,,,,,,,
,,,,,,,,,,,,,,,,,,,,,,,,,,,
,,,,,,,,,,,,,,,,,,,,,,,,,,,
,,,,,,,,,,,,,,,,,,,,,,,,,,,
,,,,,,,,,,,,,,,,,,,,,,,,,,,
,,,,,,,,,,,,,,,,,,,,,,,,,,,
,,,,,,,,,,,,,,,,,,,,,,,,,,,
,,,,,,,,,,,,,,,,,,,,,,,,,,,
,,,,,,,,,,,,,,,,,,,,,,,,,,,
,,,,,,,,,,,,,,,,,,,,,,,,,,,
,,,,,,,,,,,,,,,,,,,,,,,,,,,
,,,,,,,,,,,,,,,,,,,,,,,,,,,
,,,,,,,,,,,,,,,,,,,,,,,,,,,
,,,,,,,,,,,,,,,,,,,,,,,,,,,
,,,,,,,,,,,,,,,,,,,,,,,,,,,
,,,,,,,,,,,,,,,,,,,,,,,,,,,
,,,,,,,,,,,,,,,,,,,,,,,,,,,
,,,,,,,,,,,,,,,,,,,,,,,,,,,
,,,,,,,,,,,,,,,,,,,,,,,,,,,
,,,,,,,,,,,,,,,,,,,,,,,,,,,
,,,,,,,,,,,,,,,,,,,,,,,,,,,
,,,,,,,,,,,,,,,,,,,,,,,,,,,
,,,,,,,,,,,,,,,,,,,,,,,,,,,
,,,,,,,,,,,,,,,,,,,,,,,,,,,
,,,,,,,,,,,,,,,,,,,,,,,,,,,
,,,,,,,,,,,,,,,,,,,,,,,,,,,
,,,,,,,,,,,,,,,,,,,,,,,,,,,
,,,,,,,,,,,,,,,,,,,,,,,,,,,
,,,,,,,,,,,,,,,,,,,,,,,,,,,
,,,,,,,,,,,,,,,,,,,,,,,,,,,
,,,,,,,,,,,,,,,,,,,,,,,,,,,
,,,,,,,,,,,,,,,,,,,,,,,,,,,
,,,,,,,,,,,,,,,,,,,,,,,,,,,
,,,,,,,,,,,,,,,,,,,,,,,,,,,
,,,,,,,,,,,,,,,,,,,,,,,,,,,
,,,,,,,,,,,,,,,,,,,,,,,,,,,
,,,,,,,,,,,,,,,,,,,,,,,,,,,
,,,,,,,,,,,,,,,,,,,,,,,,,,,
,,,,,,,,,,,,,,,,,,,,,,,,,,,
,,,,,,,,,,,,,,,,,,,,,,,,,,,
,,,,,,,,,,,,,,,,,,,,,,,,,,,
,,,,,,,,,,,,,,,,,,,,,,,,,,,
,,,,,,,,,,,,,,,,,,,,,,,,,,,
,,,,,,,,,,,,,,,,,,,,,,,,,,,
,,,,,,,,,,,,,,,,,,,,,,,,,,,
,,,,,,,,,,,,,,,,,,,,,,,,,,,
,,,,,,,,,,,,,,,,,,,,,,,,,,,
,,,,,,,,,,,,,,,,,,,,,,,,,,,
,,,,,,,,,,,,,,,,,,,,,,,,,,,
,,,,,,,,,,,,,,,,,,,,,,,,,,,
,,,,,,,,,,,,,,,,,,,,,,,,,,,
,,,,,,,,,,,,,,,,,,,,,,,,,,,
,,,,,,,,,,,,,,,,,,,,,,,,,,,
,,,,,,,,,,,,,,,,,,,,,,,,,,,
,,,,,,,,,,,,,,,,,,,,,,,,,,,
,,,,,,,,,,,,,,,,,,,,,,,,,,,
,,,,,,,,,,,,,,,,,,,,,,,,,,,
,,,,,,,,,,,,,,,,,,,,,,,,,,,
,,,,,,,,,,,,,,,,,,,,,,,,,,,
,,,,,,,,,,,,,,,,,,,,,,,,,,,
,,,,,,,,,,,,,,,,,,,,,,,,,,,
,,,,,,,,,,,,,,,,,,,,,,,,,,,
,,,,,,,,,,,,,,,,,,,,,,,,,,,
,,,,,,,,,,,,,,,,,,,,,,,,,,,
,,,,,,,,,,,,,,,,,,,,,,,,,,,
,,,,,,,,,,,,,,,,,,,,,,,,,,,
,,,,,,,,,,,,,,,,,,,,,,,,,,,
,,,,,,,,,,,,,,,,,,,,,,,,,,,
,,,,,,,,,,,,,,,,,,,,,,,,,,,
,,,,,,,,,,,,,,,,,,,,,,,,,,,
,,,,,,,,,,,,,,,,,,,,,,,,,,,
,,,,,,,,,,,,,,,,,,,,,,,,,,,
,,,,,,,,,,,,,,,,,,,,,,,,,,,
,,,,,,,,,,,,,,,,,,,,,,,,,,,
,,,,,,,,,,,,,,,,,,,,,,,,,,,
,,,,,,,,,,,,,,,,,,,,,,,,,,,
,,,,,,,,,,,,,,,,,,,,,,,,,,,
,,,,,,,,,,,,,,,,,,,,,,,,,,,
,,,,,,,,,,,,,,,,,,,,,,,,,,,
,,,,,,,,,,,,,,,,,,,,,,,,,,,
,,,,,,,,,,,,,,,,,,,,,,,,,,,
,,,,,,,,,,,,,,,,,,,,,,,,,,,
,,,,,,,,,,,,,,,,,,,,,,,,,,,
,,,,,,,,,,,,,,,,,,,,,,,,,,,
,,,,,,,,,,,,,,,,,,,,,,,,,,,
,,,,,,,,,,,,,,,,,,,,,,,,,,,
,,,,,,,,,,,,,,,,,,,,,,,,,,,
,,,,,,,,,,,,,,,,,,,,,,,,,,,
,,,,,,,,,,,,,,,,,,,,,,,,,,,
,,,,,,,,,,,,,,,,,,,,,,,,,,,
,,,,,,,,,,,,,,,,,,,,,,,,,,,
,,,,,,,,,,,,,,,,,,,,,,,,,,,
,,,,,,,,,,,,,,,,,,,,,,,,,,,
,,,,,,,,,,,,,,,,,,,,,,,,,,,
,,,,,,,,,,,,,,,,,,,,,,,,,,,
,,,,,,,,,,,,,,,,,,,,,,,,,,,
,,,,,,,,,,,,,,,,,,,,,,,,,,,
,,,,,,,,,,,,,,,,,,,,,,,,,,,
,,,,,,,,,,,,,,,,,,,,,,,,,,,
,,,,,,,,,,,,,,,,,,,,,,,,,,,
,,,,,,,,,,,,,,,,,,,,,,,,,,,
,,,,,,,,,,,,,,,,,,,,,,,,,,,
,,,,,,,,,,,,,,,,,,,,,,,,,,,
,,,,,,,,,,,,,,,,,,,,,,,,,,,
,,,,,,,,,,,,,,,,,,,,,,,,,,,
,,,,,,,,,,,,,,,,,,,,,,,,,,,
,,,,,,,,,,,,,,,,,,,,,,,,,,,
,,,,,,,,,,,,,,,,,,,,,,,,,,,
,,,,,,,,,,,,,,,,,,,,,,,,,,,
,,,,,,,,,,,,,,,,,,,,,,,,,,,
,,,,,,,,,,,,,,,,,,,,,,,,,,,
,,,,,,,,,,,,,,,,,,,,,,,,,,,
,,,,,,,,,,,,,,,,,,,,,,,,,,,
,,,,,,,,,,,,,,,,,,,,,,,,,,,
,,,,,,,,,,,,,,,,,,,,,,,,,,,
,,,,,,,,,,,,,,,,,,,,,,,,,,,
,,,,,,,,,,,,,,,,,,,,,,,,,,,
,,,,,,,,,,,,,,,,,,,,,,,,,,,
,,,,,,,,,,,,,,,,,,,,,,,,,,,
,,,,,,,,,,,,,,,,,,,,,,,,,,,
,,,,,,,,,,,,,,,,,,,,,,,,,,,
,,,,,,,,,,,,,,,,,,,,,,,,,,,
,,,,,,,,,,,,,,,,,,,,,,,,,,,
,,,,,,,,,,,,,,,,,,,,,,,,,,,
,,,,,,,,,,,,,,,,,,,,,,,,,,,
,,,,,,,,,,,,,,,,,,,,,,,,,,,
,,,,,,,,,,,,,,,,,,,,,,,,,,,
,,,,,,,,,,,,,,,,,,,,,,,,,,,
,,,,,,,,,,,,,,,,,,,,,,,,,,,
,,,,,,,,,,,,,,,,,,,,,,,,,,,
,,,,,,,,,,,,,,,,,,,,,,,,,,,
,,,,,,,,,,,,,,,,,,,,,,,,,,,
,,,,,,,,,,,,,,,,,,,,,,,,,,,
,,,,,,,,,,,,,,,,,,,,,,,,,,,
,,,,,,,,,,,,,,,,,,,,,,,,,,,
,,,,,,,,,,,,,,,,,,,,,,,,,,,
,,,,,,,,,,,,,,,,,,,,,,,,,,,
,,,,,,,,,,,,,,,,,,,,,,,,,,,
,,,,,,,,,,,,,,,,,,,,,,,,,,,
,,,,,,,,,,,,,,,,,,,,,,,,,,,
,,,,,,,,,,,,,,,,,,,,,,,,,,,
,,,,,,,,,,,,,,,,,,,,,,,,,,,
,,,,,,,,,,,,,,,,,,,,,,,,,,,
,,,,,,,,,,,,,,,,,,,,,,,,,,,
,,,,,,,,,,,,,,,,,,,,,,,,,,,
,,,,,,,,,,,,,,,,,,,,,,,,,,,
,,,,,,,,,,,,,,,,,,,,,,,,,,,
,,,,,,,,,,,,,,,,,,,,,,,,,,,
,,,,,,,,,,,,,,,,,,,,,,,,,,,
,,,,,,,,,,,,,,,,,,,,,,,,,,,
,,,,,,,,,,,,,,,,,,,,,,,,,,,
,,,,,,,,,,,,,,,,,,,,,,,,,,,
,,,,,,,,,,,,,,,,,,,,,,,,,,,
,,,,,,,,,,,,,,,,,,,,,,,,,,,
,,,,,,,,,,,,,,,,,,,,,,,,,,,
,,,,,,,,,,,,,,,,,,,,,,,,,,,
,,,,,,,,,,,,,,,,,,,,,,,,,,,
,,,,,,,,,,,,,,,,,,,,,,,,,,,
,,,,,,,,,,,,,,,,,,,,,,,,,,,
,,,,,,,,,,,,,,,,,,,,,,,,,,,
,,,,,,,,,,,,,,,,,,,,,,,,,,,
,,,,,,,,,,,,,,,,,,,,,,,,,,,
,,,,,,,,,,,,,,,,,,,,,,,,,,,
,,,,,,,,,,,,,,,,,,,,,,,,,,,
,,,,,,,,,,,,,,,,,,,,,,,,,,,
,,,,,,,,,,,,,,,,,,,,,,,,,,,
,,,,,,,,,,,,,,,,,,,,,,,,,,,
,,,,,,,,,,,,,,,,,,,,,,,,,,,
,,,,,,,,,,,,,,,,,,,,,,,,,,,
,,,,,,,,,,,,,,,,,,,,,,,,,,,
,,,,,,,,,,,,,,,,,,,,,,,,,,,
,,,,,,,,,,,,,,,,,,,,,,,,,,,
,,,,,,,,,,,,,,,,,,,,,,,,,,,
,,,,,,,,,,,,,,,,,,,,,,,,,,,
,,,,,,,,,,,,,,,,,,,,,,,,,,,
,,,,,,,,,,,,,,,,,,,,,,,,,,,
,,,,,,,,,,,,,,,,,,,,,,,,,,,
,,,,,,,,,,,,,,,,,,,,,,,,,,,
,,,,,,,,,,,,,,,,,,,,,,,,,,,
,,,,,,,,,,,,,,,,,,,,,,,,,,,
,,,,,,,,,,,,,,,,,,,,,,,,,,,
,,,,,,,,,,,,,,,,,,,,,,,,,,,
,,,,,,,,,,,,,,,,,,,,,,,,,,,
,,,,,,,,,,,,,,,,,,,,,,,,,,,
,,,,,,,,,,,,,,,,,,,,,,,,,,,
,,,,,,,,,,,,,,,,,,,,,,,,,,,
,,,,,,,,,,,,,,,,,,,,,,,,,,,
,,,,,,,,,,,,,,,,,,,,,,,,,,,
,,,,,,,,,,,,,,,,,,,,,,,,,,,
,,,,,,,,,,,,,,,,,,,,,,,,,,,
,,,,,,,,,,,,,,,,,,,,,,,,,,,
,,,,,,,,,,,,,,,,,,,,,,,,,,,
,,,,,,,,,,,,,,,,,,,,,,,,,,,
,,,,,,,,,,,,,,,,,,,,,,,,,,,
,,,,,,,,,,,,,,,,,,,,,,,,,,,
,,,,,,,,,,,,,,,,,,,,,,,,,,,
,,,,,,,,,,,,,,,,,,,,,,,,,,,
,,,,,,,,,,,,,,,,,,,,,,,,,,,
,,,,,,,,,,,,,,,,,,,,,,,,,,,
,,,,,,,,,,,,,,,,,,,,,,,,,,,
,,,,,,,,,,,,,,,,,,,,,,,,,,,
,,,,,,,,,,,,,,,,,,,,,,,,,,,
,,,,,,,,,,,,,,,,,,,,,,,,,,,
,,,,,,,,,,,,,,,,,,,,,,,,,,,
,,,,,,,,,,,,,,,,,,,,,,,,,,,
,,,,,,,,,,,,,,,,,,,,,,,,,,,
,,,,,,,,,,,,,,,,,,,,,,,,,,,
,,,,,,,,,,,,,,,,,,,,,,,,,,,
,,,,,,,,,,,,,,,,,,,,,,,,,,,
,,,,,,,,,,,,,,,,,,,,,,,,,,,
,,,,,,,,,,,,,,,,,,,,,,,,,,,
,,,,,,,,,,,,,,,,,,,,,,,,,,,
,,,,,,,,,,,,,,,,,,,,,,,,,,,
,,,,,,,,,,,,,,,,,,,,,,,,,,,
,,,,,,,,,,,,,,,,,,,,,,,,,,,
,,,,,,,,,,,,,,,,,,,,,,,,,,,
,,,,,,,,,,,,,,,,,,,,,,,,,,,
,,,,,,,,,,,,,,,,,,,,,,,,,,,
,,,,,,,,,,,,,,,,,,,,,,,,,,,
,,,,,,,,,,,,,,,,,,,,,,,,,,,
,,,,,,,,,,,,,,,,,,,,,,,,,,,
,,,,,,,,,,,,,,,,,,,,,,,,,,,
,,,,,,,,,,,,,,,,,,,,,,,,,,,
,,,,,,,,,,,,,,,,,,,,,,,,,,,
,,,,,,,,,,,,,,,,,,,,,,,,,,,
,,,,,,,,,,,,,,,,,,,,,,,,,,,
,,,,,,,,,,,,,,,,,,,,,,,,,,,
,,,,,,,,,,,,,,,,,,,,,,,,,,,
,,,,,,,,,,,,,,,,,,,,,,,,,,,
,,,,,,,,,,,,,,,,,,,,,,,,,,,
,,,,,,,,,,,,,,,,,,,,,,,,,,,
,,,,,,,,,,,,,,,,,,,,,,,,,,,
,,,,,,,,,,,,,,,,,,,,,,,,,,,
,,,,,,,,,,,,,,,,,,,,,,,,,,,
,,,,,,,,,,,,,,,,,,,,,,,,,,,
,,,,,,,,,,,,,,,,,,,,,,,,,,,
,,,,,,,,,,,,,,,,,,,,,,,,,,,
,,,,,,,,,,,,,,,,,,,,,,,,,,,
,,,,,,,,,,,,,,,,,,,,,,,,,,,
,,,,,,,,,,,,,,,,,,,,,,,,,,,
,,,,,,,,,,,,,,,,,,,,,,,,,,,
,,,,,,,,,,,,,,,,,,,,,,,,,,,
,,,,,,,,,,,,,,,,,,,,,,,,,,,
,,,,,,,,,,,,,,,,,,,,,,,,,,,
,,,,,,,,,,,,,,,,,,,,,,,,,,,
,,,,,,,,,,,,,,,,,,,,,,,,,,,
,,,,,,,,,,,,,,,,,,,,,,,,,,,
,,,,,,,,,,,,,,,,,,,,,,,,,,,
,,,,,,,,,,,,,,,,,,,,,,,,,,,
,,,,,,,,,,,,,,,,,,,,,,,,,,,
,,,,,,,,,,,,,,,,,,,,,,,,,,,
,,,,,,,,,,,,,,,,,,,,,,,,,,,
,,,,,,,,,,,,,,,,,,,,,,,,,,,
,,,,,,,,,,,,,,,,,,,,,,,,,,,
,,,,,,,,,,,,,,,,,,,,,,,,,,,
,,,,,,,,,,,,,,,,,,,,,,,,,,,
,,,,,,,,,,,,,,,,,,,,,,,,,,,
,,,,,,,,,,,,,,,,,,,,,,,,,,,
,,,,,,,,,,,,,,,,,,,,,,,,,,,
,,,,,,,,,,,,,,,,,,,,,,,,,,,
,,,,,,,,,,,,,,,,,,,,,,,,,,,
,,,,,,,,,,,,,,,,,,,,,,,,,,,
,,,,,,,,,,,,,,,,,,,,,,,,,,,
,,,,,,,,,,,,,,,,,,,,,,,,,,,
,,,,,,,,,,,,,,,,,,,,,,,,,,,
,,,,,,,,,,,,,,,,,,,,,,,,,,,
,,,,,,,,,,,,,,,,,,,,,,,,,,,
,,,,,,,,,,,,,,,,,,,,,,,,,,,
,,,,,,,,,,,,,,,,,,,,,,,,,,,
,,,,,,,,,,,,,,,,,,,,,,,,,,,
,,,,,,,,,,,,,,,,,,,,,,,,,,,
,,,,,,,,,,,,,,,,,,,,,,,,,,,
,,,,,,,,,,,,,,,,,,,,,,,,,,,
,,,,,,,,,,,,,,,,,,,,,,,,,,,
,,,,,,,,,,,,,,,,,,,,,,,,,,,
,,,,,,,,,,,,,,,,,,,,,,,,,,,
,,,,,,,,,,,,,,,,,,,,,,,,,,,
,,,,,,,,,,,,,,,,,,,,,,,,,,,
,,,,,,,,,,,,,,,,,,,,,,,,,,,
,,,,,,,,,,,,,,,,,,,,,,,,,,,
,,,,,,,,,,,,,,,,,,,,,,,,,,,
,,,,,,,,,,,,,,,,,,,,,,,,,,,
,,,,,,,,,,,,,,,,,,,,,,,,,,,
,,,,,,,,,,,,,,,,,,,,,,,,,,,
,,,,,,,,,,,,,,,,,,,,,,,,,,,
,,,,,,,,,,,,,,,,,,,,,,,,,,,
,,,,,,,,,,,,,,,,,,,,,,,,,,,
,,,,,,,,,,,,,,,,,,,,,,,,,,,
,,,,,,,,,,,,,,,,,,,,,,,,,,,
,,,,,,,,,,,,,,,,,,,,,,,,,,,
,,,,,,,,,,,,,,,,,,,,,,,,,,,
,,,,,,,,,,,,,,,,,,,,,,,,,,,
,,,,,,,,,,,,,,,,,,,,,,,,,,,
,,,,,,,,,,,,,,,,,,,,,,,,,,,
,,,,,,,,,,,,,,,,,,,,,,,,,,,
,,,,,,,,,,,,,,,,,,,,,,,,,,,
,,,,,,,,,,,,,,,,,,,,,,,,,,,
,,,,,,,,,,,,,,,,,,,,,,,,,,,
,,,,,,,,,,,,,,,,,,,,,,,,,,,
,,,,,,,,,,,,,,,,,,,,,,,,,,,
,,,,,,,,,,,,,,,,,,,,,,,,,,,
,,,,,,,,,,,,,,,,,,,,,,,,,,,
,,,,,,,,,,,,,,,,,,,,,,,,,,,
,,,,,,,,,,,,,,,,,,,,,,,,,,,
,,,,,,,,,,,,,,,,,,,,,,,,,,,
,,,,,,,,,,,,,,,,,,,,,,,,,,,
,,,,,,,,,,,,,,,,,,,,,,,,,,,
,,,,,,,,,,,,,,,,,,,,,,,,,,,
,,,,,,,,,,,,,,,,,,,,,,,,,,,
,,,,,,,,,,,,,,,,,,,,,,,,,,,
,,,,,,,,,,,,,,,,,,,,,,,,,,,
,,,,,,,,,,,,,,,,,,,,,,,,,,,
,,,,,,,,,,,,,,,,,,,,,,,,,,,
,,,,,,,,,,,,,,,,,,,,,,,,,,,
,,,,,,,,,,,,,,,,,,,,,,,,,,,
,,,,,,,,,,,,,,,,,,,,,,,,,,,
,,,,,,,,,,,,,,,,,,,,,,,,,,,
,,,,,,,,,,,,,,,,,,,,,,,,,,,
,,,,,,,,,,,,,,,,,,,,,,,,,,,
,,,,,,,,,,,,,,,,,,,,,,,,,,,
,,,,,,,,,,,,,,,,,,,,,,,,,,,
,,,,,,,,,,,,,,,,,,,,,,,,,,,
,,,,,,,,,,,,,,,,,,,,,,,,,,,
,,,,,,,,,,,,,,,,,,,,,,,,,,,
,,,,,,,,,,,,,,,,,,,,,,,,,,,
,,,,,,,,,,,,,,,,,,,,,,,,,,,
,,,,,,,,,,,,,,,,,,,,,,,,,,,
,,,,,,,,,,,,,,,,,,,,,,,,,,,
,,,,,,,,,,,,,,,,,,,,,,,,,,,
,,,,,,,,,,,,,,,,,,,,,,,,,,,
,,,,,,,,,,,,,,,,,,,,,,,,,,,
,,,,,,,,,,,,,,,,,,,,,,,,,,,
,,,,,,,,,,,,,,,,,,,,,,,,,,,
,,,,,,,,,,,,,,,,,,,,,,,,,,,
,,,,,,,,,,,,,,,,,,,,,,,,,,,
,,,,,,,,,,,,,,,,,,,,,,,,,,,
,,,,,,,,,,,,,,,,,,,,,,,,,,,
,,,,,,,,,,,,,,,,,,,,,,,,,,,
,,,,,,,,,,,,,,,,,,,,,,,,,,,
,,,,,,,,,,,,,,,,,,,,,,,,,,,
,,,,,,,,,,,,,,,,,,,,,,,,,,,
,,,,,,,,,,,,,,,,,,,,,,,,,,,
,,,,,,,,,,,,,,,,,,,,,,,,,,,
,,,,,,,,,,,,,,,,,,,,,,,,,,,
,,,,,,,,,,,,,,,,,,,,,,,,,,,
,,,,,,,,,,,,,,,,,,,,,,,,,,,
,,,,,,,,,,,,,,,,,,,,,,,,,,,
,,,,,,,,,,,,,,,,,,,,,,,,,,,
,,,,,,,,,,,,,,,,,,,,,,,,,,,
,,,,,,,,,,,,,,,,,,,,,,,,,,,
,,,,,,,,,,,,,,,,,,,,,,,,,,,
,,,,,,,,,,,,,,,,,,,,,,,,,,,
,,,,,,,,,,,,,,,,,,,,,,,,,,,
,,,,,,,,,,,,,,,,,,,,,,,,,,,
,,,,,,,,,,,,,,,,,,,,,,,,,,,
,,,,,,,,,,,,,,,,,,,,,,,,,,,
,,,,,,,,,,,,,,,,,,,,,,,,,,,
,,,,,,,,,,,,,,,,,,,,,,,,,,,
,,,,,,,,,,,,,,,,,,,,,,,,,,,
,,,,,,,,,,,,,,,,,,,,,,,,,,,
,,,,,,,,,,,,,,,,,,,,,,,,,,,
,,,,,,,,,,,,,,,,,,,,,,,,,,,
,,,,,,,,,,,,,,,,,,,,,,,,,,,
,,,,,,,,,,,,,,,,,,,,,,,,,,,
,,,,,,,,,,,,,,,,,,,,,,,,,,,
,,,,,,,,,,,,,,,,,,,,,,,,,,,
,,,,,,,,,,,,,,,,,,,,,,,,,,,
,,,,,,,,,,,,,,,,,,,,,,,,,,,
,,,,,,,,,,,,,,,,,,,,,,,,,,,
,,,,,,,,,,,,,,,,,,,,,,,,,,,
,,,,,,,,,,,,,,,,,,,,,,,,,,,
,,,,,,,,,,,,,,,,,,,,,,,,,,,
,,,,,,,,,,,,,,,,,,,,,,,,,,,
,,,,,,,,,,,,,,,,,,,,,,,,,,,
,,,,,,,,,,,,,,,,,,,,,,,,,,,
,,,,,,,,,,,,,,,,,,,,,,,,,,,
,,,,,,,,,,,,,,,,,,,,,,,,,,,
,,,,,,,,,,,,,,,,,,,,,,,,,,,
,,,,,,,,,,,,,,,,,,,,,,,,,,,
,,,,,,,,,,,,,,,,,,,,,,,,,,,
,,,,,,,,,,,,,,,,,,,,,,,,,,,
,,,,,,,,,,,,,,,,,,,,,,,,,,,
,,,,,,,,,,,,,,,,,,,,,,,,,,,
,,,,,,,,,,,,,,,,,,,,,,,,,,,
,,,,,,,,,,,,,,,,,,,,,,,,,,,
,,,,,,,,,,,,,,,,,,,,,,,,,,,
,,,,,,,,,,,,,,,,,,,,,,,,,,,
,,,,,,,,,,,,,,,,,,,,,,,,,,,
,,,,,,,,,,,,,,,,,,,,,,,,,,,
,,,,,,,,,,,,,,,,,,,,,,,,,,,
,,,,,,,,,,,,,,,,,,,,,,,,,,,
