1行A列,B列,C列,D列,E列,F列,G列,H列,I列,J列,K列,L列,M列,N列,O列,P列,Q列,R列,S列,T列,U列,V列,,,,,,,,
2行,,,,,,,,,,,,,,,,,,,,,,,,,,,,,
3行,,,,,,,,,,,,,デバッグモード,TRUE,TRUE or FALSE,,,,,,,,,,,,,,
4行,,,,,,,,,,,,,,,,,,,,,,,,,,,,,
5行,,,,,,,,,,,,,,,,,,,,,,,,,,,,,
6行,,,,,,,,,,,,,,,,,,,,,,,,,,,,,
7行,,,,,,,,,,,,,,,,,,,,,,,,,,,,,
8行,,,,,,,,,,,,,,,,,,,,,,,,,,,,,
9行,,,,,,,,,,,,,,,,,,,,,,,,,,,,,
10行,,,,,,,,,,,,,,,,,,,,,,,,,,,,,
11行,,,,,,,,,,,,,,,参考位置,分類（単位）,メモ,,,,,,,,,,,,
12行,,,,,,,,,,,,,予定表保存フォルダパス,\\Nasm01\10\351400000\07．手配\01．保全G\01.月間予定\2025年度\01.週間予定表,,,ダイアログボックスの表示場所,,,,,,,C:\Users\062383\Desktop\マクロ,,,,,
13行,,,,,,,,,,,,,,,,,,,,,,,,,,,,,
14行,,,,,,,,,,,,,,,,,,,,,,,,,,,,,
15行,,,,,,,,,,,,,,,,,,,,,,,,,,,,,
16行,,,,,,,,,,,,,,,,,,,,,,,,,,,,,
17行,,,,,,,,,,,,,,,,,,,,,,,,,,,,,
18行,,,,,,,,,,,,,,,,,,,,,,,,,,,,,
19行,,,,,,,,,,,,,,,,,,,,,,,,,,,,,
20行,,,,,,,,,,,,,,,,,,,,,,,,,,,,,
21行,,,,,,,,,,,,,,,,,,,,,,,,,,,,,
22行,,,,,,,,,,,,,,,,,,,,,,,,,,,,,
23行,,,,,,,,,,,,,,,,,,,,,,,,,,,,,
24行,,,,,,,,,,,,,,,,,,,,,,,,,,,,,
25行,,,,,,,,,,,,,,,,,,,,,,,,,,,,,
26行,,,,,,,,,,,,,,,,,,,,,,,,,,,,,
27行,,,,,,,,,,,,,,,,,,,,,,,,,,,,,
28行,,,,,,,,,,,,,,,,,,,,,,,,,,,,,
29行,,,,,,,,,,,,,,,,,,,,,,,,,,,,,
30行,,,,,,,,,,,,,,,,,,,,,,,,,,,,,
31行,,,,,,,,,,,シート情報,,メニュー,メニュー,マクロ未使用,,トップ・設定選択画面,,,,,,,,,,,,
32行,,,,,,,,,,,,,リスト,リスト,マクロ未使用,,作業員・変電所情報,,,,,,,,,,,,
33行,,,,,,,,,,,,,,,,,,,,,,,,,,,,,
34行,,,,,,,,,,,,,,,,,,,,,,,,,,,,,
35行,,,,,,,,,,,,,,,,,,,,,,,,,,,,,
36行,,,,,,,,,,,,,,,,,,,,,,,,,,,,,
37行,,,,,,,,,,,,,,,,,,,,,,,,,,,,,
38行,,,,,,,,,,,,,,,,,,,,,,,,,,,,,
39行,,,,,,,,,,,,,,,,,,,,,,,,,,,,,
40行,,,,,,,,,,,,,,,,,,,,,,,,,,,,,
41行,,,,,,,,,,,,,,,,,,,,,,,,,,,,,
42行,,,,,,,,,,,,,,,,,,,,,,,,,,,,,
43行,,,,,,,,,,,,保存箇所,抽出出力シート名,一覧,,,抽出結果出力シート、シートのフォーマット設定は下記,,,,,,,,,,,,
44行,,,,,,,,,,,,,検索条件のログ名,FiltersLog,,,,,,,,,,,,,,,
45行,,,,,,,,,,,,,プログラムエラーログシート名,ErrorLog,,,,,,,,,,,,,,,
46行,,,,,,,,,,,,,設定ファイルシート名,Config,マクロ未使用,,,,,,,,,,,,,,
47行,,,,,,,,,,,,,各工程表のフォーマット管理シート名,Work,マクロ未使用,,,,,,,,,,,,,,
48行,,,,,,,,,,,,,,,,,,,,,,,,,,,,,
49行,,,,,,,,,,,,,[修正前] 設定ファイル,Config (2),メモ,,,,,,,,,,,,,,
50行,,,,,,,,,,,,,,,,,,,,,,,,,,,,,
51行,,,,,,,,,,,,,,,,,,,,,,,,,,,,,
52行,,,,,,,,,,,,,,,,,,,,,,,,,,,,,
53行,,,,,,,,,,,,,,,,,,,,,,,,,,,,,
54行,,,,,,,,,,,,,,,,,,,,,,,,,,,,,
55行,,,,,,,,,,,,,,,,,,,,,,,,,,,,,
56行,,,,,,,,,,,,,,,,,,,,,,,,,,,,,
57行,,,,,,,,,,,,,,,,,,,,,,,,,,,,,
58行,,,,,,,,,,,,,,,,,,,,,,,,,,,,,
59行,,,,,,,,,,,,,,,,,,,,,,,,,,,,,
60行,,,,,,,,,,,,,,,,,,,,,,,,,,,,,
61行,,,,,,,,,,,,,,,,,,,,,,,,,,,,,
62行,,,,,,,,,,,,,,,,,,,,,,,,,,,,,
63行,,,,,,,,,,,,,,,,,,,,,,,,,,,,,
64行,,,,,,,,,,,,,,,,,,,,,,,,,,,,,
65行,,,,,,,,,,,,,,,,,,,,,,,,,,,,,
66行,,,,,,,,,,,各シートのフォーマット,検索シート,シート名_1,第1週,,シート名,,,,,,,,,,,,,
67行,,,,,,,,,,,,,シート名_2,第2週,,シート名,,,,,,,,,,,,,
68行,,,,,,,,,,,,,シート名_3,第3週,,シート名,,,,,,,,,,,,,
69行,,,,,,,,,,,,,シート名_4,第4週,,シート名,,,,,,,,,,,,,
70行,,,,,,,,,,,,,シート名_5,第5週,,シート名,,,,,,,,,,,,,
71行,,,,,,,,,,,,,シート名_6,,,シート名,,,,,,,,,,,,,
72行,,,,,,,,,,,,,シート名_7,,,シート名,,,,,,,,,,,,,
73行,,,,,,,,,,,,,シート名_8,,,シート名,,,,,,,,,,,,,
74行,,,,,,,,,,,,,シート名_9,,,シート名,,,,,,,,,,,,,
75行,,,,,,,,,,,,,シート名_10,,,シート名,,,,,,,,,,,,,
76行,,,,,,,,,,,,,,,,,,,,,,,,,,,,,
77行,,,,,,,,,,,,,,,,,,,,,,,,,,,,,
78行,,,,,,,,,,,,,,,,,,,,,,,,,,,,,
79行,,,,,,,,,,,,,,,,,,,,,,,,,,,,,
80行,,,,,,,,,,,,,,,,,,,,,,,,,,,,,
81行,,,,,,,,,,,,,,,,,,,,,,,,,,,,,
82行,,,,,,,,,,,,,,,,,,,,,,,,,,,,,
83行,,,,,,,,,,,,,,,,,,,,,,,,,,,,,
84行,,,,,,,,,,,,,,,,,,,,,,,,,,,,,
85行,,,,,,,,,,,,,,,,,,,,,,,,,,,,,
86行,,,,,,,,,,,,,,,,,,,,,,,,,,,,,
87行,,,,,,,,,,,,シートのフォーマット,工程表ヘッダー行数,3,1:3,行,無視。4から処理を繰り返す,,,,,,,,,,,,
88行,,,,,,,,,,,,,工程表ヘッダー列数,1,A,列,無視。Bから処理を繰り返す,,,,,,,,,,,,
89行,,,,,,,,,,,,,1日の行数,8,,行,"8行が1日。基準セルよりOffsetで使用。4:11, 12:19, 20:27, 28:35, 36:43, 44:51, 52:59",,,,,,,,,,,,
90行,,,,,,,,,,,,,1週間の日数,7,,回（日）,縦に7回繰り返す,,,,,,,,,,,,
91行,,,,,,,,,,,,,,,,,,,,,,,,,,,,,
92行,,,,,,,,,,,,,,,,,,,,,,,,,,,,,
93行,,,,,,,,,,,,,,,,,,,,,,,,,,,,,
94行,,,,,,,,,,,,,,,,,,,,,,,,,,,,,
95行,,,,,,,,,,,,,,,,,,,,,,,,,,,,,
96行,,,,,,,,,,,,,,,,,,,,,,,,,,,,,
97行,,,,,,,,,,,,,,,,,,,,,,,,,,,,,
98行,,,,,,,,,,,,,,,,,,,,,,,,,,,,,
99行,,,,,,,,,,,,,,,,,,,,,,,,,,,,,
100行,,,,,,,,,,,,,,,,,,,,,,,,,,,,,
101行,,,,,,,,,,,,,年の取得場所,FR2,,アドレス,,,,,,,,,,,,,
102行,,,,,,,,,,,,,月の取得場所,GB2,,アドレス,,,,,,,,,,,,,
103行,,,,,,,,,,,,,日の取得位置,A,A,列,,,,,,,,,,,,,
104行,,,,,,,,,,,,,日の取得位置,3,,行目,"6, 14, 22, 30, 38, 46, 54",,,,,,,,,,,,
105行,,,,,,,,,,,,,,,,,,,,,,,,,,,,,
106行,,,,,,,,,,,,,,,,,,,,,,,,,,,,,
107行,,,,,,,,,,,,,,,,,,,,,,,,,,,,,
108行,,,,,,,,,,,,,,,,,,,,,,,,,,,,,
109行,,,,,,,,,,,,,,,,,,,,,,,,,,,,,
110行,,,,,,,,,,,,,,,,,,,,,,,,,,,,,
111行,,,,,,,,,,,,,,,,,,,,,,,,,,,,,
112行,,,,,,,,,,,,,,,,,,,,,,,,,,,,,
113行,,,,,,,,,,,,,,,,,,,,,,,,,,,,,
114行,,,,,,,,,,,,,1日の工程数,39,B:FP,回,横に39回繰り返す,,,,,,,,,,,,
115行,,,,,,,,,,,,,,,,,,,,,,,,,,,,,
116行,,,,,,,,,,,,,,,,,,,,,,,,,,,,,
117行,,,,,,,,,,,,,,,,,,,,,,,,,,,,,
118行,,,,,,,,,,,,,,,,,,,,,,,,,,,,,
119行,,,,,,,,,,,,,,,,,,,,,,,,,,,,,
120行,,,,,,,,,,,,,,,,,,,,,,,,,,,,,
121行,,,,,,,,,,,,,,,,,,,,,,,,,,,,,
122行,,,,,,,,,,,,,Workシートからの抽出後の再計算,TRUE,,,,,,,,,,,,,,,
123行,,,,,,,,,,,,,処理工程表ファイルNo,1,,,,,,,,,,,,,,,
124行,,,,,,,,,,,,,ファイル名,2025.04 月間予定表.xlsx,,,,,,,,,,,,,,,
125行,,,,,,,,,,,,,ファイルパス,\\Nasm01\10\351400000\07．手配\01．保全G\01.月間予定\2025年度\01.週間予定表\2025.04 月間予定表.xlsx,,,,,,,,,,,,,,,
126行,,,,,,,,,,,,,シートの工程パターン,1,,,,,,,,,,,,,,,
127行,,,,,,,,,,,,,,,,,,,,,,,,,,,,,
128行,,,,,,,,回数,管内1,管内2,分類1,分類2,分類3,シート名_1,シート名_2,シート名_3,シート名_4,シート名_5,シート名_6,シート名_7,シート名_8,シート名_9,シート名_10,,,,,,
129行,,,,,,,1つ目_工程列数(作業人数),1,大阪北,野江,,,,4,4,4,4,4,4,,,,,B:E,列,,,,
130行,,,,,,,2つ目_工程列数(作業人数),2,大阪北,野江,,,,4,4,4,4,4,4,,,,,F:I,列,,,,
131行,,,,,,,3つ目_工程列数(作業人数),3,大阪北,野江,,,,4,4,4,4,4,4,,,,,J:M,列,,,,
132行,,,,,,,4つ目_工程列数(作業人数),4,大阪北,野江,,,,5,5,5,5,5,5,,,,,N:R,列,,,,
133行,,,,,,,1つ目_工程列数(作業人数),5,大阪北,小曽根,,,,4,4,4,4,4,4,,,,,S:V,列,,,,
134行,,,,,,,2つ目_工程列数(作業人数),6,大阪北,小曽根,,,,4,4,4,4,4,4,,,,,W:Z,列,,,,
135行,,,,,,,3つ目_工程列数(作業人数),7,大阪北,小曽根,,,,4,4,4,4,4,4,,,,,AA:AD,列,,,,
136行,,,,,,,4つ目_工程列数(作業人数),8,大阪北,小曽根,,,,5,5,5,5,5,5,,,,,AE:AI,列,,,,
137行,,,,,,,1つ目_工程列数(作業人数),9,南大阪,我孫子,,,,4,4,4,4,4,4,,,,,AJ:AM,列,,,,
138行,,,,,,,2つ目_工程列数(作業人数),10,南大阪,我孫子,,,,4,4,4,4,4,4,,,,,AN:AQ,列,,,,
139行,,,,,,,3つ目_工程列数(作業人数),11,南大阪,我孫子,,,,4,4,4,4,4,4,,,,,AR:AU,列,,,,
140行,,,,,,,4つ目_工程列数(作業人数),12,南大阪,我孫子,,,,5,5,5,5,5,5,,,,,AV:AZ,列,,,,
141行,,,,,,,1つ目_工程列数(作業人数),13,南大阪,南大阪,,,,4,4,4,4,4,4,,,,,BA:BD,列,,,,
142行,,,,,,,2つ目_工程列数(作業人数),14,南大阪,南大阪,,,,4,4,4,4,4,4,,,,,BE:BH,列,,,,
143行,,,,,,,3つ目_工程列数(作業人数),15,南大阪,南大阪,,,,4,4,4,4,4,4,,,,,BI:BL,列,,,,
144行,,,,,,,4つ目_工程列数(作業人数),16,南大阪,南大阪,,,,5,5,5,5,5,5,,,,,BM:BQ,列,,,,
145行,,,,,,,1つ目_工程列数(作業人数),17,神戸,神戸,,,,4,4,4,4,4,4,,,,,BR:BU,列,,,,
146行,,,,,,,2つ目_工程列数(作業人数),18,神戸,神戸,,,,4,4,4,4,4,4,,,,,BV:BY,列,,,,
147行,,,,,,,3つ目_工程列数(作業人数),19,神戸,神戸,,,,4,4,4,4,4,4,,,,,BZ:CC,列,,,,
148行,,,,,,,4つ目_工程列数(作業人数),20,神戸,神戸,,,,5,5,5,5,5,5,,,,,CD:CH,列,,,,
149行,,,,,,,1つ目_工程列数(作業人数),21,神戸,尼崎,,,,4,4,4,4,4,4,,,,,CI:CL,列,,,,
150行,,,,,,,2つ目_工程列数(作業人数),22,神戸,尼崎,,,,4,4,4,4,4,4,,,,,CM:CP,列,,,,
151行,,,,,,,3つ目_工程列数(作業人数),23,神戸,尼崎,,,,4,4,4,4,4,4,,,,,CQ:CT,列,,,,
152行,,,,,,,4つ目_工程列数(作業人数),24,神戸,尼崎,,,,5,5,5,5,5,5,,,,,CU:CY,列,,,,
153行,,,,,,,1つ目_工程列数(作業人数),25,奈良,奈良・吉野,,,,4,4,4,4,4,4,,,,,CZ:DC,列,,,,
154行,,,,,,,2つ目_工程列数(作業人数),26,奈良,奈良・吉野,,,,4,4,4,4,4,4,,,,,DD:DG,列,,,,
155行,,,,,,,3つ目_工程列数(作業人数),27,奈良,奈良・吉野,,,,4,4,4,4,4,4,,,,,DH:DK,列,,,,
156行,,,,,,,1つ目_工程列数(作業人数),28,吉野水力ｾﾝﾀｰ,吉野水力ｾﾝﾀｰ,,,,4,4,4,4,4,4,,,,,DL:DO,列,,,,
157行,,,,,,,2つ目_工程列数(作業人数),29,吉野水力ｾﾝﾀｰ,吉野水力ｾﾝﾀｰ,,,,4,4,4,4,4,4,,,,,DP:DS,列,,,,
158行,,,,,,,1つ目_工程列数(作業人数),30,応援他,応援他,,,,4,4,4,4,4,4,,,,,DT:DW,列,,,,
159行,,,,,,,2つ目_工程列数(作業人数),31,応援他,応援他,,,,4,4,4,4,4,4,,,,,DX:EA,列,,,,
160行,,,,,,,3つ目_工程列数(作業人数),32,応援他,応援他,,,,4,4,4,4,4,4,,,,,EB:EE,列,,,,
161行,,,,,,,1つ目_工程列数(作業人数),33,応援･教育･その他,応援･教育･その他,,,,4,4,4,4,4,4,,,,,EF:EI,列,,,,
162行,,,,,,,2つ目_工程列数(作業人数),34,応援･教育･その他,応援･教育･その他,,,,4,4,4,4,4,4,,,,,EJ:EM,列,,,,
163行,,,,,,,3つ目_工程列数(作業人数),35,応援･教育･その他,応援･教育･その他,,,,4,4,4,4,4,4,,,,,EN:EQ,列,,,,
164行,,,,,,,4つ目_工程列数(作業人数),36,応援･教育･その他,応援･教育･その他,,,,4,4,4,4,4,4,,,,,ER:EU,列,,,,
165行,,,,,,,5つ目_工程列数(作業人数),37,応援･教育･その他,応援･教育･その他,,,,7,7,7,7,7,7,,,,,EV:FB,列,,,,
166行,,,,,,,6つ目_工程列数(作業人数),38,応援･教育･その他,応援･教育･その他,,,,7,7,7,7,7,7,,,,,FC:FI,列,,,,
167行,,,,,,,7つ目_工程列数(作業人数),39,応援･教育･その他,応援･教育･その他,,,,7,7,7,7,7,7,,,,,FJ:FP,列,,,,
168行,,,,,,,,40,,,,,,,,,,,,,,,,,列,,,,
169行,,,,,,,,41,,,,,,,,,,,,,,,,,列,,,,
170行,,,,,,,,42,,,,,,,,,,,,,,,,,列,,,,
171行,,,,,,,,43,,,,,,,,,,,,,,,,,列,,,,
172行,,,,,,,,44,,,,,,,,,,,,,,,,,列,,,,
173行,,,,,,,,45,,,,,,,,,,,,,,,,,列,,,,
174行,,,,,,,,46,,,,,,,,,,,,,,,,,列,,,,
175行,,,,,,,,47,,,,,,,,,,,,,,,,,列,,,,
176行,,,,,,,,48,,,,,,,,,,,,,,,,,列,,,,
177行,,,,,,,,49,,,,,,,,,,,,,,,,,列,,,,
178行,,,,,,,,50,,,,,,,,,,,,,,,,,列,,,,
179行,,,,,,,,51,,,,,,,,,,,,,,,,,列,,,,
180行,,,,,,,,52,,,,,,,,,,,,,,,,,列,,,,
181行,,,,,,,,53,,,,,,,,,,,,,,,,,列,,,,
182行,,,,,,,,54,,,,,,,,,,,,,,,,,列,,,,
183行,,,,,,,,55,,,,,,,,,,,,,,,,,列,,,,
184行,,,,,,,,56,,,,,,,,,,,,,,,,,列,,,,
185行,,,,,,,,57,,,,,,,,,,,,,,,,,列,,,,
186行,,,,,,,,58,,,,,,,,,,,,,,,,,列,,,,
187行,,,,,,,,59,,,,,,,,,,,,,,,,,列,,,,
188行,,,,,,,,60,,,,,,,,,,,,,,,,,列,,,,
189行,,,,,,,,61,,,,,,,,,,,,,,,,,列,,,,
190行,,,,,,,,62,,,,,,,,,,,,,,,,,列,,,,
191行,,,,,,,,63,,,,,,,,,,,,,,,,,列,,,,
192行,,,,,,,,64,,,,,,,,,,,,,,,,,列,,,,
193行,,,,,,,,65,,,,,,,,,,,,,,,,,列,,,,
194行,,,,,,,,66,,,,,,,,,,,,,,,,,列,,,,
195行,,,,,,,,67,,,,,,,,,,,,,,,,,列,,,,
196行,,,,,,,,68,,,,,,,,,,,,,,,,,列,,,,
197行,,,,,,,,69,,,,,,,,,,,,,,,,,列,,,,
198行,,,,,,,,70,,,,,,,,,,,,,,,,,列,,,,
199行,,,,,,,,71,,,,,,,,,,,,,,,,,列,,,,
200行,,,,,,,,72,,,,,,,,,,,,,,,,,列,,,,
201行,,,,,,,,73,,,,,,,,,,,,,,,,,列,,,,
202行,,,,,,,,74,,,,,,,,,,,,,,,,,列,,,,
203行,,,,,,,,75,,,,,,,,,,,,,,,,,列,,,,
204行,,,,,,,,76,,,,,,,,,,,,,,,,,列,,,,
205行,,,,,,,,77,,,,,,,,,,,,,,,,,列,,,,
206行,,,,,,,,78,,,,,,,,,,,,,,,,,列,,,,
207行,,,,,,,,79,,,,,,,,,,,,,,,,,列,,,,
208行,,,,,,,,80,,,,,,,,,,,,,,,,,列,,,,
209行,,,,,,,,81,,,,,,,,,,,,,,,,,列,,,,
210行,,,,,,,,82,,,,,,,,,,,,,,,,,列,,,,
211行,,,,,,,,83,,,,,,,,,,,,,,,,,列,,,,
212行,,,,,,,,84,,,,,,,,,,,,,,,,,列,,,,
213行,,,,,,,,85,,,,,,,,,,,,,,,,,列,,,,
214行,,,,,,,,86,,,,,,,,,,,,,,,,,列,,,,
215行,,,,,,,,87,,,,,,,,,,,,,,,,,列,,,,
216行,,,,,,,,88,,,,,,,,,,,,,,,,,列,,,,
217行,,,,,,,,89,,,,,,,,,,,,,,,,,列,,,,
218行,,,,,,,,90,,,,,,,,,,,,,,,,,列,,,,
219行,,,,,,,,91,,,,,,,,,,,,,,,,,列,,,,
220行,,,,,,,,92,,,,,,,,,,,,,,,,,列,,,,
221行,,,,,,,,93,,,,,,,,,,,,,,,,,列,,,,
222行,,,,,,,,94,,,,,,,,,,,,,,,,,列,,,,
223行,,,,,,,,95,,,,,,,,,,,,,,,,,列,,,,
224行,,,,,,,,96,,,,,,,,,,,,,,,,,列,,,,
225行,,,,,,,,97,,,,,,,,,,,,,,,,,列,,,,
226行,,,,,,,,98,,,,,,,,,,,,,,,,,列,,,,
227行,,,,,,,,99,,,,,,,,,,,,,,,,,列,,,,
228行,,,,,,,,100,,,,,,,,,,,,,,,,,列,,,,
229行,,,,,,,,,,,,,,,,,,,,,,,,,,,,,
230行,,,,,,,,,,,,,,,,,,,,,,,,,,,,,
231行,,,,,,,,,,,,,,,,,,,,,,,,,,,,,
232行,,,,,,,,,,,,,,,,,,,,,,,,,,,,,
233行,,,,,,,,,,,,,,,,,,,,,,,,,,,,,
234行,,,,,,,,,,,,,,,,,,,,,,,,,,,,,
235行,,,,,,,,,,,,,,,,,,,,,,,,,,,,,
236行,,,,,,,,,,,,,,,,,,,,,,,,,,,,,
237行,,,,,,,,,,,,,,,,,,,,,,,,,,,,,
238行,,,,,,,,,,,,,,,,,,,,,,,,,,,,,
239行,,,,,,,,,,,,,,,,,,,,,,,,,,,,,
240行,,,,,,,,,,,,,,,,,,,,,,,,,,,,,
241行,,,,,,,,,,,,,,,,,,,,,,,,,,,,,
242行,,,,,,,,,,,絞り込み,作業員,作業員_検索方法,,And,,And or OR,,,,,,AND,OR,,,,,
243行,,,,,,,,,,,,,作業員_1,,平松,人目,,,,,,,,,,,,,
244行,,,,,,,,,,,,,作業員_2,,,人目,,,,,,,,,,,,,
245行,,,,,,,,,,,,,作業員_3,,,人目,,,,,,,,,,,,,
246行,,,,,,,,,,,,,作業員_4,,,人目,,,,,,,,,,,,,
247行,,,,,,,,,,,,,作業員_5,,,人目,,,,,,,,,,,,,
248行,,,,,,,,,,,,,作業員_6,,,人目,,,,,,,,,,,,,
249行,,,,,,,,,,,,,作業員_7,,,人目,,,,,,,,,,,,,
250行,,,,,,,,,,,,,作業員_8,,,人目,,,,,,,,,,,,,
251行,,,,,,,,,,,,,作業員_9,,,人目,,,,,,,,,,,,,
252行,,,,,,,,,,,,,作業員_10,,,人目,,,,,,,,,,,,,
253行,,,,,,,,,,,,,作業員_11,,,人目,,,,,,,,,,,,,
254行,,,,,,,,,,,,,作業員_12,,,人目,,,,,,,,,,,,,
255行,,,,,,,,,,,,,作業員_13,,,人目,,,,,,,,,,,,,
256行,,,,,,,,,,,,,作業員_14,,,人目,,,,,,,,,,,,,
257行,,,,,,,,,,,,,作業員_15,,,人目,,,,,,,,,,,,,
258行,,,,,,,,,,,,,作業員_16,,,人目,,,,,,,,,,,,,
259行,,,,,,,,,,,,,作業員_17,,,人目,,,,,,,,,,,,,
260行,,,,,,,,,,,,,作業員_18,,,人目,,,,,,,,,,,,,
261行,,,,,,,,,,,,,作業員_19,,,人目,,,,,,,,,,,,,
262行,,,,,,,,,,,,,作業員_20,,,人目,,,,,,,,,,,,,
263行,,,,,,,,,,,,,,,,,,,,,,,,,,,,,
264行,,,,,,,,,,,,,,,,,,,,,,,,,,,,,
265行,,,,,,,,,,,,,,,,,,,,,,,,,,,,,
266行,,,,,,,,,,,,,,,,,,,,,,,,,,,,,
267行,,,,,,,,,,,,,,,,,,,,,,,,,,,,,
268行,,,,,,,,,,,,,,,,,,,,,,,,,,,,,
269行,,,,,,,,,,,,,,,,,,,,,,,,,,,,,
270行,,,,,,,,,,,,,,,,,,,,,,,,,,,,,
271行,,,,,,,,,,,,,,,,,,,,,,,,,,,,,
272行,,,,,,,,,,,,,,,,,,,,,,,,,,,,,
273行,,,,,,,,,,,,,,,,,,,,,,,,,,,,,
274行,,,,,,,,,,,,,,,,,,,,,,,,,,,,,
275行,,,,,,,,,,,,場所,管内1_1,,大阪北,,OR,,,,,,,,,,,,
276行,,,,,,,,,,,,,管内1_2,,南大阪,,OR,,,,,,,,,,,,
277行,,,,,,,,,,,,,管内1_3,,神戸,,OR,,,,,,,,,,,,
278行,,,,,,,,,,,,,管内1_4,,奈良,,OR,,,,,,,,,,,,
279行,,,,,,,,,,,,,管内1_5,,吉野水力ｾﾝﾀｰ,,OR,,,,,,,,,,,,
280行,,,,,,,,,,,,,管内1_6,,応援他,,OR,,,,,,,,,,,,
281行,,,,,,,,,,,,,管内1_7,,応援･教育･その他,,OR,,,,,,,,,,,,
282行,,,,,,,,,,,,,管内1_8,,,,OR,,,,,,,,,,,,
283行,,,,,,,,,,,,,管内1_9,,,,OR,,,,,,,,,,,,
284行,,,,,,,,,,,,,管内1_10,,,,OR,,,,,,,,,,,,
285行,,,,,,,,,,,,,管内1_11,,,,OR,,,,,,,,,,,,
286行,,,,,,,,,,,,,管内1_12,,,,OR,,,,,,,,,,,,
287行,,,,,,,,,,,,,管内1_13,,,,OR,,,,,,,,,,,,
288行,,,,,,,,,,,,,管内1_14,,,,OR,,,,,,,,,,,,
289行,,,,,,,,,,,,,管内1_15,,,,OR,,,,,,,,,,,,
290行,,,,,,,,,,,,,管内1_16,,,,OR,,,,,,,,,,,,
291行,,,,,,,,,,,,,管内1_17,,,,OR,,,,,,,,,,,,
292行,,,,,,,,,,,,,管内1_18,,,,OR,,,,,,,,,,,,
293行,,,,,,,,,,,,,管内1_19,,,,OR,,,,,,,,,,,,
294行,,,,,,,,,,,,,管内1_20,,,,OR,,,,,,,,,,,,
295行,,,,,,,,,,,,,,,,,,,,,,,,,,,,,
296行,,,,,,,,,,,,,,,,,,,,,,,,,,,,,
297行,,,,,,,,,,,,,,,,,,,,,,,,,,,,,
298行,,,,,,,,,,,,,,,,,,,,,,,,,,,,,
299行,,,,,,,,,,,,,,,,,,,,,,,,,,,,,
300行,,,,,,,,,,,,,,,,,,,,,,,,,,,,,
301行,,,,,,,,,,,,,,,,,,,,,,,,,,,,,
302行,,,,,,,,,,,,,,,,,,,,,,,,,,,,,
303行,,,,,,,,,,,,,,,,,,,,,,,,,,,,,
304行,,,,,,,,,,,,,,,,,,,,,,,,,,,,,
305行,,,,,,,,,,,,,管内2_1,,野江,,OR,,,,,,,,,,,,
306行,,,,,,,,,,,,,管内2_2,,小曽根,,OR,,,,,,,,,,,,
307行,,,,,,,,,,,,,管内2_3,,我孫子,,OR,,,,,,,,,,,,
308行,,,,,,,,,,,,,管内2_4,,南大阪,,OR,,,,,,,,,,,,
309行,,,,,,,,,,,,,管内2_5,,神戸,,OR,,,,,,,,,,,,
310行,,,,,,,,,,,,,管内2_6,,尼崎,,OR,,,,,,,,,,,,
311行,,,,,,,,,,,,,管内2_7,,奈良・吉野,,OR,,,,,,,,,,,,
312行,,,,,,,,,,,,,管内2_8,,吉野水力ｾﾝﾀｰ,,OR,,,,,,,,,,,,
313行,,,,,,,,,,,,,管内2_9,,応援他,,OR,,,,,,,,,,,,
314行,,,,,,,,,,,,,管内2_10,,応援･教育･その他,,OR,,,,,,,,,,,,
315行,,,,,,,,,,,,,管内2_11,,,,OR,,,,,,,,,,,,
316行,,,,,,,,,,,,,管内2_12,,,,OR,,,,,,,,,,,,
317行,,,,,,,,,,,,,管内2_13,,,,OR,,,,,,,,,,,,
318行,,,,,,,,,,,,,管内2_14,,,,OR,,,,,,,,,,,,
319行,,,,,,,,,,,,,管内2_15,,,,OR,,,,,,,,,,,,
320行,,,,,,,,,,,,,管内2_16,,,,OR,,,,,,,,,,,,
321行,,,,,,,,,,,,,管内2_17,,,,OR,,,,,,,,,,,,
322行,,,,,,,,,,,,,管内2_18,,,,OR,,,,,,,,,,,,
323行,,,,,,,,,,,,,管内2_19,,,,OR,,,,,,,,,,,,
324行,,,,,,,,,,,,,管内2_20,,,,OR,,,,,,,,,,,,
325行,,,,,,,,,,,,,管内2_21,,,,OR,,,,,,,,,,,,
326行,,,,,,,,,,,,,管内2_22,,,,OR,,,,,,,,,,,,
327行,,,,,,,,,,,,,管内2_23,,,,OR,,,,,,,,,,,,
328行,,,,,,,,,,,,,管内2_24,,,,OR,,,,,,,,,,,,
329行,,,,,,,,,,,,,管内2_25,,,,OR,,,,,,,,,,,,
330行,,,,,,,,,,,,,管内2_26,,,,OR,,,,,,,,,,,,
331行,,,,,,,,,,,,,管内2_27,,,,OR,,,,,,,,,,,,
332行,,,,,,,,,,,,,管内2_28,,,,OR,,,,,,,,,,,,
333行,,,,,,,,,,,,,管内2_29,,,,OR,,,,,,,,,,,,
334行,,,,,,,,,,,,,管内2_30,,,,OR,,,,,,,,,,,,
335行,,,,,,,,,,,,,,,,,,,,,,,,,,,,,
336行,,,,,,,,,,,,,,,,,,,,,,,,,,,,,
337行,,,,,,,,,,,,,,,,,,,,,,,,,,,,,
338行,,,,,,,,,,,,,,,,,,,,,,,,,,,,,
339行,,,,,,,,,,,,,,,,,,,,,,,,,,,,,
340行,,,,,,,,,,,,,,,,,,,,,,,,,,,,,
341行,,,,,,,,,,,,,,,,,,,,,,,,,,,,,
342行,,,,,,,,,,,,,,,,,,,,,,,,,,,,,
343行,,,,,,,,,,,,,,,,,,,,,,,,,,,,,
344行,,,,,,,,,,,,,,,,,,,,,,,,,,,,,
345行,,,,,,,,,,,,,,,,,,,,,,,,,,,,,
346行,,,,,,,,,,,,,分類1,,制御 or 変電,,,,,,,,,,,,,,
347行,,,,,,,,,,,,,,,,,,,,,,,,,,,,,
348行,,,,,,,,,,,,,,,,,,,,,,,,,,,,,
349行,,,,,,,,,,,,,,,,,,,,,,,,,,,,,
350行,,,,,,,,,,,,,,,,,,,,,,,,,,,,,
351行,,,,,,,,,,,,,,,,,,,,,,,,,,,,,
352行,,,,,,,,,,,,,,,,,,,,,,,,,,,,,
353行,,,,,,,,,,,,,,,,,,,,,,,,,,,,,
354行,,,,,,,,,,,,,,,,,,,,,,,,,,,,,
355行,,,,,,,,,,,,,,,,,,,,,,,,,,,,,
356行,,,,,,,,,,,,,,,,,,,,,,,,,,,,,
357行,,,,,,,,,,,,,,,,,,,,,,,,,,,,,
358行,,,,,,,,,,,,,,,,,,,,,,,,,,,,,
359行,,,,,,,,,,,,,,,,,,,,,,,,,,,,,
360行,,,,,,,,,,,,,,,,,,,,,,,,,,,,,
361行,,,,,,,,,,,,,,,,,,,,,,,,,,,,,
362行,,,,,,,,,,,,,,,,,,,,,,,,,,,,,
363行,,,,,,,,,,,,,,,,,,,,,,,,,,,,,
364行,,,,,,,,,,,,,,,,,,,,,,,,,,,,,
365行,,,,,,,,,,,,,,,,,,,,,,,,,,,,,
366行,,,,,,,,,,,,,,,,,,,,,,,,,,,,,
367行,,,,,,,,,,,,,分類2,,現在なし（将来拡張時の予備）,,,,,,,,,,,,,,
368行,,,,,,,,,,,,,,,,,,,,,,,,,,,,,
369行,,,,,,,,,,,,,,,,,,,,,,,,,,,,,
370行,,,,,,,,,,,,,,,,,,,,,,,,,,,,,
371行,,,,,,,,,,,,,,,,,,,,,,,,,,,,,
372行,,,,,,,,,,,,,,,,,,,,,,,,,,,,,
373行,,,,,,,,,,,,,,,,,,,,,,,,,,,,,
374行,,,,,,,,,,,,,,,,,,,,,,,,,,,,,
375行,,,,,,,,,,,,,,,,,,,,,,,,,,,,,
376行,,,,,,,,,,,,,,,,,,,,,,,,,,,,,
377行,,,,,,,,,,,,,,,,,,,,,,,,,,,,,
378行,,,,,,,,,,,,,,,,,,,,,,,,,,,,,
379行,,,,,,,,,,,,,,,,,,,,,,,,,,,,,
380行,,,,,,,,,,,,,,,,,,,,,,,,,,,,,
381行,,,,,,,,,,,,,,,,,,,,,,,,,,,,,
382行,,,,,,,,,,,,,,,,,,,,,,,,,,,,,
383行,,,,,,,,,,,,,,,,,,,,,,,,,,,,,
384行,,,,,,,,,,,,,,,,,,,,,,,,,,,,,
385行,,,,,,,,,,,,,,,,,,,,,,,,,,,,,
386行,,,,,,,,,,,,,,,,,,,,,,,,,,,,,
387行,,,,,,,,,,,,,,,,,,,,,,,,,,,,,
388行,,,,,,,,,,,,,分類3,,現在なし（将来拡張時の予備）,,,,,,,,,,,,,,
389行,,,,,,,,,,,,,,,,,,,,,,,,,,,,,
390行,,,,,,,,,,,,,,,,,,,,,,,,,,,,,
391行,,,,,,,,,,,,,,,,,,,,,,,,,,,,,
392行,,,,,,,,,,,,,,,,,,,,,,,,,,,,,
393行,,,,,,,,,,,,,,,,,,,,,,,,,,,,,
394行,,,,,,,,,,,,,,,,,,,,,,,,,,,,,
395行,,,,,,,,,,,,,,,,,,,,,,,,,,,,,
396行,,,,,,,,,,,,,,,,,,,,,,,,,,,,,
397行,,,,,,,,,,,,,,,,,,,,,,,,,,,,,
398行,,,,,,,,,,,,,,,,,,,,,,,,,,,,,
399行,,,,,,,,,,,,,,,,,,,,,,,,,,,,,
400行,,,,,,,,,,,,,,,,,,,,,,,,,,,,,
401行,,,,,,,,,,,,,,,,,,,,,,,,,,,,,
402行,,,,,,,,,,,,,,,,,,,,,,,,,,,,,
403行,,,,,,,,,,,,,,,,,,,,,,,,,,,,,
404行,,,,,,,,,,,,,,,,,,,,,,,,,,,,,
405行,,,,,,,,,,,,,,,,,,,,,,,,,,,,,
406行,,,,,,,,,,,,,,,,,,,,,,,,,,,,,
407行,,,,,,,,,,,,,,,,,,,,,,,,,,,,,
408行,,,,,,,,,,,,,,,,,,,,,,,,,,,,,
409行,,,,,,,,,,,,工事種類（旧：点検種類）,工事種類_1,,自主など（自主の場合は「自」で検索が良い）,,,,,,,,,,,,,,
410行,,,,,,,,,,,,,工事種類_2,,,,,,,,,,,,,,,,
411行,,,,,,,,,,,,,工事種類_3,,,,,,,,,,,,,,,,
412行,,,,,,,,,,,,,工事種類_4,,,,,,,,,,,,,,,,
413行,,,,,,,,,,,,,工事種類_5,,,,,,,,,,,,,,,,
414行,,,,,,,,,,,,,工事種類_6,,,,,,,,,,,,,,,,
415行,,,,,,,,,,,,,工事種類_7,,,,,,,,,,,,,,,,
416行,,,,,,,,,,,,,工事種類_8,,,,,,,,,,,,,,,,
417行,,,,,,,,,,,,,工事種類_9,,,,,,,,,,,,,,,,
418行,,,,,,,,,,,,,工事種類_10,,,,,,,,,,,,,,,,
419行,,,,,,,,,,,,,,,,,,,,,,,,,,,,,
420行,,,,,,,,,,,,,,,,,,,,,,,,,,,,,
421行,,,,,,,,,,,,,,,,,,,,,,,,,,,,,
422行,,,,,,,,,,,,,,,,,,,,,,,,,,,,,
423行,,,,,,,,,,,,,,,,,,,,,,,,,,,,,
424行,,,,,,,,,,,,,,,,,,,,,,,,,,,,,
425行,,,,,,,,,,,,,,,,,,,,,,,,,,,,,
426行,,,,,,,,,,,,,,,,,,,,,,,,,,,,,
427行,,,,,,,,,,,,,,,,,,,,,,,,,,,,,
428行,,,,,,,,,,,,,,,,,,,,,,,,,,,,,
429行,,,,,,,,,,,,,,,,,,,,,,,,,,,,,
430行,,,,,,,,,,,,,,,,,,,,,,,,,,,,,
431行,,,,,,,,,,,,工番,工番_1,,"X, A, C",不完全でも検索可能,,,,,,,,,,,,,
432行,,,,,,,,,,,,,工番_2,,,,,,,,,,,,,,,,
433行,,,,,,,,,,,,,工番_3,,,,,,,,,,,,,,,,
434行,,,,,,,,,,,,,工番_4,,,,,,,,,,,,,,,,
435行,,,,,,,,,,,,,工番_5,,,,,,,,,,,,,,,,
436行,,,,,,,,,,,,,工番_6,,,,,,,,,,,,,,,,
437行,,,,,,,,,,,,,工番_7,,,,,,,,,,,,,,,,
438行,,,,,,,,,,,,,工番_8,,,,,,,,,,,,,,,,
439行,,,,,,,,,,,,,工番_9,,,,,,,,,,,,,,,,
440行,,,,,,,,,,,,,工番_10,,,,,,,,,,,,,,,,
441行,,,,,,,,,,,,,,,,,,,,,,,,,,,,,
442行,,,,,,,,,,,,,,,,,,,,,,,,,,,,,
443行,,,,,,,,,,,,,,,,,,,,,,,,,,,,,
444行,,,,,,,,,,,,,,,,,,,,,,,,,,,,,
445行,,,,,,,,,,,,,,,,,,,,,,,,,,,,,
446行,,,,,,,,,,,,,,,,,,,,,,,,,,,,,
447行,,,,,,,,,,,,,,,,,,,,,,,,,,,,,
448行,,,,,,,,,,,,,,,,,,,,,,,,,,,,,
449行,,,,,,,,,,,,,,,,,,,,,,,,,,,,,
450行,,,,,,,,,,,,,,,,,,,,,,,,,,,,,
451行,,,,,,,,,,,,作業名1 or 作業名2 or 作業名3,作業種類_1,,TrRy,半角、全角、途中検索可能,,,,,,,,,,,,,
452行,,,,,,,,,,,,,作業種類_2,,TrPro,,,,,,,,,,,,,,
453行,,,,,,,,,,,,,作業種類_3,,HTr,,,,,,,,,,,,,,
454行,,,,,,,,,,,,,作業種類_4,,,,,,,,,,,,,,,,
455行,,,,,,,,,,,,,作業種類_5,,,,,,,,,,,,,,,,
456行,,,,,,,,,,,,,作業種類_6,,,,,,,,,,,,,,,,
457行,,,,,,,,,,,,,作業種類_7,,,,,,,,,,,,,,,,
458行,,,,,,,,,,,,,作業種類_8,,,,,,,,,,,,,,,,
459行,,,,,,,,,,,,,作業種類_9,,,,,,,,,,,,,,,,
460行,,,,,,,,,,,,,作業種類_10,,,,,,,,,,,,,,,,
461行,,,,,,,,,,,,,作業種類_11,,,,,,,,,,,,,,,,
462行,,,,,,,,,,,,,作業種類_12,,,,,,,,,,,,,,,,
463行,,,,,,,,,,,,,作業種類_13,,,,,,,,,,,,,,,,
464行,,,,,,,,,,,,,作業種類_14,,,,,,,,,,,,,,,,
465行,,,,,,,,,,,,,作業種類_15,,,,,,,,,,,,,,,,
466行,,,,,,,,,,,,,作業種類_16,,,,,,,,,,,,,,,,
467行,,,,,,,,,,,,,作業種類_17,,,,,,,,,,,,,,,,
468行,,,,,,,,,,,,,作業種類_18,,,,,,,,,,,,,,,,
469行,,,,,,,,,,,,,作業種類_19,,,,,,,,,,,,,,,,
470行,,,,,,,,,,,,,作業種類_20,,,,,,,,,,,,,,,,
471行,,,,,,,,,,,,,,,,,,,,,,,,,,,,,
472行,,,,,,,,,,,,,,,,,,,,,,,,,,,,,
473行,,,,,,,,,,,,,,,,,,,,,,,,,,,,,
474行,,,,,,,,,,,,,,,,,,,,,,,,,,,,,
475行,,,,,,,,,,,,,,,,,,,,,,,,,,,,,
476行,,,,,,,,,,,,,,,,,,,,,,,,,,,,,
477行,,,,,,,,,,,,,,,,,,,,,,,,,,,,,
478行,,,,,,,,,,,,,,,,,,,,,,,,,,,,,
479行,,,,,,,,,,,,,,,,,,,,,,,,,,,,,
480行,,,,,,,,,,,,,,,,,,,,,,,,,,,,,
481行,,,,,,,,,,,,,担当の名前_1,,,,,,,,,,,,,,,,
482行,,,,,,,,,,,,,担当の名前_2,,,,,,,,,,,,,,,,
483行,,,,,,,,,,,,,担当の名前_3,,,,,,,,,,,,,,,,
484行,,,,,,,,,,,,,担当の名前_4,,,,,,,,,,,,,,,,
485行,,,,,,,,,,,,,担当の名前_5,,,,,,,,,,,,,,,,
486行,,,,,,,,,,,,,担当の名前_6,,,,,,,,,,,,,,,,
487行,,,,,,,,,,,,,担当の名前_7,,,,,,,,,,,,,,,,
488行,,,,,,,,,,,,,担当の名前_8,,,,,,,,,,,,,,,,
489行,,,,,,,,,,,,,担当の名前_9,,,,,,,,,,,,,,,,
490行,,,,,,,,,,,,,担当の名前_10,,,,,,,,,,,,,,,,
491行,,,,,,,,,,,,,,,,,,,,,,,,,,,,,
492行,,,,,,,,,,,,,,,,,,,,,,,,,,,,,
493行,,,,,,,,,,,,,,,,,,,,,,,,,,,,,
494行,,,,,,,,,,,,,,,,,,,,,,,,,,,,,
495行,,,,,,,,,,,,,,,,,,,,,,,,,,,,,
496行,,,,,,,,,,,,,,,,,,,,,,,,,,,,,
497行,,,,,,,,,,,,,,,,,,,,,,,,,,,,,
498行,,,,,,,,,,,,,,,,,,,,,,,,,,,,,
499行,,,,,,,,,,,,,,,,,,,,,,,,,,,,,
500行,,,,,,,,,,,,,,,,,,,,,,,,,,,,,
501行,,,,,,,,,,,,,,,,,,,,,,,,,,,,,
502行,,,,,,,,,,,,,,,,,,,,,,,,,,,,,
503行,,,,,,,,,,,,,人数,,,,,,,,,,,,,,,,
504行,,,,,,,,,,,,,,,,,,,,,,,,,,,,,
505行,,,,,,,,,,,,,,,,,,,,,,,,,,,,,
506行,,,,,,,,,,,,,,,,,,,,,,,,,,,,,
507行,,,,,,,,,,,,,,,,,,,,,,,,,,,,,
508行,,,,,,,,,,,,,,,,,,,,,,,,,,,,,
509行,,,,,,,,,,,,,,,,,,,,,,,,,,,,,
510行,,,,,,,,,,,,,,,,,,,,,,,,,,,,,
511行,,,,,,,,,,,,,,,,,,,,,,,,,,,,,
512行,,,,,,,,,,,,,,,,,,,,,,,,,,,,,
513行,,,,,,,,,,,,,,,,,,,,,,,,,,,,,
514行,,,,,,,,,,,,,作業箇所の種類,,変電所、開閉所、発電所,,,,,,,,,,,,,,
515行,,,,,,,,,,,,,,,,,,,,,,,,,,,,,
516行,,,,,,,,,,,,,,,,,,,,,,,,,,,,,
517行,,,,,,,,,,,,,,,,,,,,,,,,,,,,,
518行,,,,,,,,,,,,,,,,,,,,,,,,,,,,,
519行,,,,,,,,,,,,,,,,,,,,,,,,,,,,,
520行,,,,,,,,,,,,,,,,,,,,,,,,,,,,,
521行,,,,,,,,,,,,,,,,,,,,,,,,,,,,,
522行,,,,,,,,,,,,,,,,,,,,,,,,,,,,,
523行,,,,,,,,,,,,,,,,,,,,,,,,,,,,,
524行,,,,,,,,,,,,,,,,,,,,,,,,,,,,,
525行,,,,,,,,,,,,,作業箇所_1,,猪飼野,変電所名,OR,,,,,,,,,,,,
526行,,,,,,,,,,,,,作業箇所_2,,,変電所名,OR,,,,,,,,,,,,
527行,,,,,,,,,,,,,作業箇所_3,,,変電所名,OR,,,,,,,,,,,,
528行,,,,,,,,,,,,,作業箇所_4,,,変電所名,OR,,,,,,,,,,,,
529行,,,,,,,,,,,,,作業箇所_5,,,変電所名,OR,,,,,,,,,,,,
530行,,,,,,,,,,,,,作業箇所_6,,,変電所名,OR,,,,,,,,,,,,
531行,,,,,,,,,,,,,作業箇所_7,,,変電所名,OR,,,,,,,,,,,,
532行,,,,,,,,,,,,,作業箇所_8,,,変電所名,OR,,,,,,,,,,,,
533行,,,,,,,,,,,,,作業箇所_9,,,変電所名,OR,,,,,,,,,,,,
534行,,,,,,,,,,,,,作業箇所_10,,,変電所名,OR,,,,,,,,,,,,
535行,,,,,,,,,,,,,作業箇所_11,,,変電所名,OR,,,,,,,,,,,,
536行,,,,,,,,,,,,,作業箇所_12,,,変電所名,OR,,,,,,,,,,,,
537行,,,,,,,,,,,,,作業箇所_13,,,変電所名,OR,,,,,,,,,,,,
538行,,,,,,,,,,,,,作業箇所_14,,,変電所名,OR,,,,,,,,,,,,
539行,,,,,,,,,,,,,作業箇所_15,,,変電所名,OR,,,,,,,,,,,,
540行,,,,,,,,,,,,,作業箇所_16,,,変電所名,OR,,,,,,,,,,,,
541行,,,,,,,,,,,,,作業箇所_17,,,変電所名,OR,,,,,,,,,,,,
542行,,,,,,,,,,,,,作業箇所_18,,,変電所名,OR,,,,,,,,,,,,
543行,,,,,,,,,,,,,作業箇所_19,,,変電所名,OR,,,,,,,,,,,,
544行,,,,,,,,,,,,,作業箇所_20,,,変電所名,OR,,,,,,,,,,,,
545行,,,,,,,,,,,,,,,,,,,,,,,,,,,,,
546行,,,,,,,,,,,,,,,,,,,,,,,,,,,,,
547行,,,,,,,,,,,,,,,,,,,,,,,,,,,,,
548行,,,,,,,,,,,,,,,,,,,,,,,,,,,,,
549行,,,,,,,,,,,,,,,,,,,,,,,,,,,,,
550行,,,,,,,,,,,,,,,,,,,,,,,,,,,,,
551行,,,,,,,,,,,,,,,,,,,,,,,,,,,,,
552行,,,,,,,,,,,,,,,,,,,,,,,,,,,,,
553行,,,,,,,,,,,,,,,,,,,,,,,,,,,,,
554行,,,,,,,,,,,,,,,,,,,,,,,,,,,,,
555行,,,,,,,,,,,,,,,,,,,,,,,,,,,,,
556行,,,,,,,,,,,,処理工程表ファイルNo,,選択ファイル名,ファイルパス,工程ファイルの工程パターン,,,,,,,,,,,,,
557行,,,,,,,,,,,検索ファイル名/パス,1,工程表Excelファイル_1,2025.04 月間予定表.xlsx,\\Nasm01\10\351400000\07．手配\01．保全G\01.月間予定\2025年度\01.週間予定表\2025.04 月間予定表.xlsx,1,OR,全て or 空白 or ファイルパス,,,,,,,,,,,
558行,,,,,,,,,,,,2,工程表Excelファイル_2,,,,OR,,,,,,,,,,,,
559行,,,,,,,,,,,,3,工程表Excelファイル_3,,,,OR,,,,,,,,,,,,
560行,,,,,,,,,,,,4,工程表Excelファイル_4,,,,OR,,,,,,,,,,,,
561行,,,,,,,,,,,,5,工程表Excelファイル_5,,,,OR,,,,,,,,,,,,
562行,,,,,,,,,,,,6,工程表Excelファイル_6,,,,OR,,,,,,,,,,,,
563行,,,,,,,,,,,,7,工程表Excelファイル_7,,,,OR,,,,,,,,,,,,
564行,,,,,,,,,,,,8,工程表Excelファイル_8,,,,OR,,,,,,,,,,,,
565行,,,,,,,,,,,,9,工程表Excelファイル_9,,,,OR,,,,,,,,,,,,
566行,,,,,,,,,,,,10,工程表Excelファイル_10,,,,OR,,,,,,,,,,,,
567行,,,,,,,,,,,,11,工程表Excelファイル_11,,,,OR,,,,,,,,,,,,
568行,,,,,,,,,,,,12,工程表Excelファイル_12,,,,OR,,,,,,,,,,,,
569行,,,,,,,,,,,,13,工程表Excelファイル_13,,,,OR,,,,,,,,,,,,
570行,,,,,,,,,,,,14,工程表Excelファイル_14,,,,OR,,,,,,,,,,,,
571行,,,,,,,,,,,,15,工程表Excelファイル_15,,,,OR,,,,,,,,,,,,
572行,,,,,,,,,,,,16,工程表Excelファイル_16,,,,OR,,,,,,,,,,,,
573行,,,,,,,,,,,,17,工程表Excelファイル_17,,,,OR,,,,,,,,,,,,
574行,,,,,,,,,,,,18,工程表Excelファイル_18,,,,OR,,,,,,,,,,,,
575行,,,,,,,,,,,,19,工程表Excelファイル_19,,,,OR,,,,,,,,,,,,
576行,,,,,,,,,,,,20,工程表Excelファイル_20,,,,OR,,,,,,,,,,,,
577行,,,,,,,,,,,,21,工程表Excelファイル_21,,,,OR,,,,,,,,,,,,
578行,,,,,,,,,,,,22,工程表Excelファイル_22,,,,OR,,,,,,,,,,,,
579行,,,,,,,,,,,,23,工程表Excelファイル_23,,,,OR,,,,,,,,,,,,
580行,,,,,,,,,,,,24,工程表Excelファイル_24,,,,OR,,,,,,,,,,,,
581行,,,,,,,,,,,,25,工程表Excelファイル_25,,,,OR,,,,,,,,,,,,
582行,,,,,,,,,,,,26,工程表Excelファイル_26,,,,OR,,,,,,,,,,,,
583行,,,,,,,,,,,,27,工程表Excelファイル_27,,,,OR,,,,,,,,,,,,
584行,,,,,,,,,,,,28,工程表Excelファイル_28,,,,OR,,,,,,,,,,,,
585行,,,,,,,,,,,,29,工程表Excelファイル_29,,,,OR,,,,,,,,,,,,
586行,,,,,,,,,,,,30,工程表Excelファイル_30,,,,OR,,,,,,,,,,,,
587行,,,,,,,,,,,,31,工程表Excelファイル_31,,,,OR,,,,,,,,,,,,
588行,,,,,,,,,,,,32,工程表Excelファイル_32,,,,OR,,,,,,,,,,,,
589行,,,,,,,,,,,,33,工程表Excelファイル_33,,,,OR,,,,,,,,,,,,
590行,,,,,,,,,,,,34,工程表Excelファイル_34,,,,OR,,,,,,,,,,,,
591行,,,,,,,,,,,,35,工程表Excelファイル_35,,,,OR,,,,,,,,,,,,
592行,,,,,,,,,,,,36,工程表Excelファイル_36,,,,OR,,,,,,,,,,,,
593行,,,,,,,,,,,,37,工程表Excelファイル_37,,,,OR,,,,,,,,,,,,
594行,,,,,,,,,,,,38,工程表Excelファイル_38,,,,OR,,,,,,,,,,,,
595行,,,,,,,,,,,,39,工程表Excelファイル_39,,,,OR,,,,,,,,,,,,
596行,,,,,,,,,,,,40,工程表Excelファイル_40,,,,OR,,,,,,,,,,,,
597行,,,,,,,,,,,,41,工程表Excelファイル_41,,,,OR,,,,,,,,,,,,
598行,,,,,,,,,,,,42,工程表Excelファイル_42,,,,OR,,,,,,,,,,,,
599行,,,,,,,,,,,,43,工程表Excelファイル_43,,,,OR,,,,,,,,,,,,
600行,,,,,,,,,,,,44,工程表Excelファイル_44,,,,OR,,,,,,,,,,,,
601行,,,,,,,,,,,,45,工程表Excelファイル_45,,,,OR,,,,,,,,,,,,
602行,,,,,,,,,,,,46,工程表Excelファイル_46,,,,OR,,,,,,,,,,,,
603行,,,,,,,,,,,,47,工程表Excelファイル_47,,,,OR,,,,,,,,,,,,
604行,,,,,,,,,,,,48,工程表Excelファイル_48,,,,OR,,,,,,,,,,,,
605行,,,,,,,,,,,,49,工程表Excelファイル_49,,,,OR,,,,,,,,,,,,
606行,,,,,,,,,,,,50,工程表Excelファイル_50,,,,OR,,,,,,,,,,,,
607行,,,,,,,,,,,,51,工程表Excelファイル_51,,,,OR,,,,,,,,,,,,
608行,,,,,,,,,,,,52,工程表Excelファイル_52,,,,OR,,,,,,,,,,,,
609行,,,,,,,,,,,,53,工程表Excelファイル_53,,,,OR,,,,,,,,,,,,
610行,,,,,,,,,,,,54,工程表Excelファイル_54,,,,OR,,,,,,,,,,,,
611行,,,,,,,,,,,,55,工程表Excelファイル_55,,,,OR,,,,,,,,,,,,
612行,,,,,,,,,,,,56,工程表Excelファイル_56,,,,OR,,,,,,,,,,,,
613行,,,,,,,,,,,,57,工程表Excelファイル_57,,,,OR,,,,,,,,,,,,
614行,,,,,,,,,,,,58,工程表Excelファイル_58,,,,OR,,,,,,,,,,,,
615行,,,,,,,,,,,,59,工程表Excelファイル_59,,,,OR,,,,,,,,,,,,
616行,,,,,,,,,,,,60,工程表Excelファイル_60,,,,OR,,,,,,,,,,,,
617行,,,,,,,,,,,,61,工程表Excelファイル_61,,,,OR,,,,,,,,,,,,
618行,,,,,,,,,,,,62,工程表Excelファイル_62,,,,OR,,,,,,,,,,,,
619行,,,,,,,,,,,,63,工程表Excelファイル_63,,,,OR,,,,,,,,,,,,
620行,,,,,,,,,,,,64,工程表Excelファイル_64,,,,OR,,,,,,,,,,,,
621行,,,,,,,,,,,,65,工程表Excelファイル_65,,,,OR,,,,,,,,,,,,
622行,,,,,,,,,,,,66,工程表Excelファイル_66,,,,OR,,,,,,,,,,,,
623行,,,,,,,,,,,,67,工程表Excelファイル_67,,,,OR,,,,,,,,,,,,
624行,,,,,,,,,,,,68,工程表Excelファイル_68,,,,OR,,,,,,,,,,,,
625行,,,,,,,,,,,,69,工程表Excelファイル_69,,,,OR,,,,,,,,,,,,
626行,,,,,,,,,,,,70,工程表Excelファイル_70,,,,OR,,,,,,,,,,,,
627行,,,,,,,,,,,,71,工程表Excelファイル_71,,,,OR,,,,,,,,,,,,
628行,,,,,,,,,,,,72,工程表Excelファイル_72,,,,OR,,,,,,,,,,,,
629行,,,,,,,,,,,,73,工程表Excelファイル_73,,,,OR,,,,,,,,,,,,
630行,,,,,,,,,,,,74,工程表Excelファイル_74,,,,OR,,,,,,,,,,,,
631行,,,,,,,,,,,,75,工程表Excelファイル_75,,,,OR,,,,,,,,,,,,
632行,,,,,,,,,,,,76,工程表Excelファイル_76,,,,OR,,,,,,,,,,,,
633行,,,,,,,,,,,,77,工程表Excelファイル_77,,,,OR,,,,,,,,,,,,
634行,,,,,,,,,,,,78,工程表Excelファイル_78,,,,OR,,,,,,,,,,,,
635行,,,,,,,,,,,,79,工程表Excelファイル_79,,,,OR,,,,,,,,,,,,
636行,,,,,,,,,,,,80,工程表Excelファイル_80,,,,OR,,,,,,,,,,,,
637行,,,,,,,,,,,,81,工程表Excelファイル_81,,,,OR,,,,,,,,,,,,
638行,,,,,,,,,,,,82,工程表Excelファイル_82,,,,OR,,,,,,,,,,,,
639行,,,,,,,,,,,,83,工程表Excelファイル_83,,,,OR,,,,,,,,,,,,
640行,,,,,,,,,,,,84,工程表Excelファイル_84,,,,OR,,,,,,,,,,,,
641行,,,,,,,,,,,,85,工程表Excelファイル_85,,,,OR,,,,,,,,,,,,
642行,,,,,,,,,,,,86,工程表Excelファイル_86,,,,OR,,,,,,,,,,,,
643行,,,,,,,,,,,,87,工程表Excelファイル_87,,,,OR,,,,,,,,,,,,
644行,,,,,,,,,,,,88,工程表Excelファイル_88,,,,OR,,,,,,,,,,,,
645行,,,,,,,,,,,,89,工程表Excelファイル_89,,,,OR,,,,,,,,,,,,
646行,,,,,,,,,,,,90,工程表Excelファイル_90,,,,OR,,,,,,,,,,,,
647行,,,,,,,,,,,,91,工程表Excelファイル_91,,,,OR,,,,,,,,,,,,
648行,,,,,,,,,,,,92,工程表Excelファイル_92,,,,OR,,,,,,,,,,,,
649行,,,,,,,,,,,,93,工程表Excelファイル_93,,,,OR,,,,,,,,,,,,
650行,,,,,,,,,,,,94,工程表Excelファイル_94,,,,OR,,,,,,,,,,,,
651行,,,,,,,,,,,,95,工程表Excelファイル_95,,,,OR,,,,,,,,,,,,
652行,,,,,,,,,,,,96,工程表Excelファイル_96,,,,OR,,,,,,,,,,,,
653行,,,,,,,,,,,,97,工程表Excelファイル_97,,,,OR,,,,,,,,,,,,
654行,,,,,,,,,,,,98,工程表Excelファイル_98,,,,OR,,,,,,,,,,,,
655行,,,,,,,,,,,,99,工程表Excelファイル_99,,,,OR,,,,,,,,,,,,
656行,,,,,,,,,,,,100,工程表Excelファイル_100,,,,OR,,,,,,,,,,,,
657行,,,,,,,,,,,,101,工程表Excelファイル_101,,,,OR,,,,,,,,,,,,
658行,,,,,,,,,,,,102,工程表Excelファイル_102,,,,OR,,,,,,,,,,,,
659行,,,,,,,,,,,,103,工程表Excelファイル_103,,,,OR,,,,,,,,,,,,
660行,,,,,,,,,,,,104,工程表Excelファイル_104,,,,OR,,,,,,,,,,,,
661行,,,,,,,,,,,,105,工程表Excelファイル_105,,,,OR,,,,,,,,,,,,
662行,,,,,,,,,,,,106,工程表Excelファイル_106,,,,OR,,,,,,,,,,,,
663行,,,,,,,,,,,,107,工程表Excelファイル_107,,,,OR,,,,,,,,,,,,
664行,,,,,,,,,,,,108,工程表Excelファイル_108,,,,OR,,,,,,,,,,,,
665行,,,,,,,,,,,,109,工程表Excelファイル_109,,,,OR,,,,,,,,,,,,
666行,,,,,,,,,,,,110,工程表Excelファイル_110,,,,OR,,,,,,,,,,,,
667行,,,,,,,,,,,,111,工程表Excelファイル_111,,,,OR,,,,,,,,,,,,
668行,,,,,,,,,,,,112,工程表Excelファイル_112,,,,OR,,,,,,,,,,,,
669行,,,,,,,,,,,,113,工程表Excelファイル_113,,,,OR,,,,,,,,,,,,
670行,,,,,,,,,,,,114,工程表Excelファイル_114,,,,OR,,,,,,,,,,,,
671行,,,,,,,,,,,,115,工程表Excelファイル_115,,,,OR,,,,,,,,,,,,
672行,,,,,,,,,,,,116,工程表Excelファイル_116,,,,OR,,,,,,,,,,,,
673行,,,,,,,,,,,,117,工程表Excelファイル_117,,,,OR,,,,,,,,,,,,
674行,,,,,,,,,,,,118,工程表Excelファイル_118,,,,OR,,,,,,,,,,,,
675行,,,,,,,,,,,,119,工程表Excelファイル_119,,,,OR,,,,,,,,,,,,
676行,,,,,,,,,,,,120,工程表Excelファイル_120,,,,OR,,,,,,,,,,,,
677行,,,,,,,,,,,,121,工程表Excelファイル_121,,,,OR,,,,,,,,,,,,
678行,,,,,,,,,,,,122,工程表Excelファイル_122,,,,OR,,,,,,,,,,,,
679行,,,,,,,,,,,,123,工程表Excelファイル_123,,,,OR,,,,,,,,,,,,
680行,,,,,,,,,,,,124,工程表Excelファイル_124,,,,OR,,,,,,,,,,,,
681行,,,,,,,,,,,,125,工程表Excelファイル_125,,,,OR,,,,,,,,,,,,
682行,,,,,,,,,,,,126,工程表Excelファイル_126,,,,OR,,,,,,,,,,,,
683行,,,,,,,,,,,,127,工程表Excelファイル_127,,,,OR,,,,,,,,,,,,
684行,,,,,,,,,,,,128,工程表Excelファイル_128,,,,OR,,,,,,,,,,,,
685行,,,,,,,,,,,,129,工程表Excelファイル_129,,,,OR,,,,,,,,,,,,
686行,,,,,,,,,,,,130,工程表Excelファイル_130,,,,OR,,,,,,,,,,,,
687行,,,,,,,,,,,,131,工程表Excelファイル_131,,,,OR,,,,,,,,,,,,
688行,,,,,,,,,,,,132,工程表Excelファイル_132,,,,OR,,,,,,,,,,,,
689行,,,,,,,,,,,,133,工程表Excelファイル_133,,,,OR,,,,,,,,,,,,
690行,,,,,,,,,,,,134,工程表Excelファイル_134,,,,OR,,,,,,,,,,,,
691行,,,,,,,,,,,,135,工程表Excelファイル_135,,,,OR,,,,,,,,,,,,
692行,,,,,,,,,,,,136,工程表Excelファイル_136,,,,OR,,,,,,,,,,,,
693行,,,,,,,,,,,,137,工程表Excelファイル_137,,,,OR,,,,,,,,,,,,
694行,,,,,,,,,,,,138,工程表Excelファイル_138,,,,OR,,,,,,,,,,,,
695行,,,,,,,,,,,,139,工程表Excelファイル_139,,,,OR,,,,,,,,,,,,
696行,,,,,,,,,,,,140,工程表Excelファイル_140,,,,OR,,,,,,,,,,,,
697行,,,,,,,,,,,,141,工程表Excelファイル_141,,,,OR,,,,,,,,,,,,
698行,,,,,,,,,,,,142,工程表Excelファイル_142,,,,OR,,,,,,,,,,,,
699行,,,,,,,,,,,,143,工程表Excelファイル_143,,,,OR,,,,,,,,,,,,
700行,,,,,,,,,,,,144,工程表Excelファイル_144,,,,OR,,,,,,,,,,,,
701行,,,,,,,,,,,,145,工程表Excelファイル_145,,,,OR,,,,,,,,,,,,
702行,,,,,,,,,,,,146,工程表Excelファイル_146,,,,OR,,,,,,,,,,,,
703行,,,,,,,,,,,,147,工程表Excelファイル_147,,,,OR,,,,,,,,,,,,
704行,,,,,,,,,,,,148,工程表Excelファイル_148,,,,OR,,,,,,,,,,,,
705行,,,,,,,,,,,,149,工程表Excelファイル_149,,,,OR,,,,,,,,,,,,
706行,,,,,,,,,,,,150,工程表Excelファイル_150,,,,OR,,,,,,,,,,,,
707行,,,,,,,,,,,,151,工程表Excelファイル_151,,,,OR,,,,,,,,,,,,
708行,,,,,,,,,,,,152,工程表Excelファイル_152,,,,OR,,,,,,,,,,,,
709行,,,,,,,,,,,,153,工程表Excelファイル_153,,,,OR,,,,,,,,,,,,
710行,,,,,,,,,,,,154,工程表Excelファイル_154,,,,OR,,,,,,,,,,,,
711行,,,,,,,,,,,,155,工程表Excelファイル_155,,,,OR,,,,,,,,,,,,
712行,,,,,,,,,,,,156,工程表Excelファイル_156,,,,OR,,,,,,,,,,,,
713行,,,,,,,,,,,,157,工程表Excelファイル_157,,,,OR,,,,,,,,,,,,
714行,,,,,,,,,,,,158,工程表Excelファイル_158,,,,OR,,,,,,,,,,,,
715行,,,,,,,,,,,,159,工程表Excelファイル_159,,,,OR,,,,,,,,,,,,
716行,,,,,,,,,,,,160,工程表Excelファイル_160,,,,OR,,,,,,,,,,,,
717行,,,,,,,,,,,,161,工程表Excelファイル_161,,,,OR,,,,,,,,,,,,
718行,,,,,,,,,,,,162,工程表Excelファイル_162,,,,OR,,,,,,,,,,,,
719行,,,,,,,,,,,,163,工程表Excelファイル_163,,,,OR,,,,,,,,,,,,
720行,,,,,,,,,,,,164,工程表Excelファイル_164,,,,OR,,,,,,,,,,,,
721行,,,,,,,,,,,,165,工程表Excelファイル_165,,,,OR,,,,,,,,,,,,
722行,,,,,,,,,,,,166,工程表Excelファイル_166,,,,OR,,,,,,,,,,,,
723行,,,,,,,,,,,,167,工程表Excelファイル_167,,,,OR,,,,,,,,,,,,
724行,,,,,,,,,,,,168,工程表Excelファイル_168,,,,OR,,,,,,,,,,,,
725行,,,,,,,,,,,,169,工程表Excelファイル_169,,,,OR,,,,,,,,,,,,
726行,,,,,,,,,,,,170,工程表Excelファイル_170,,,,OR,,,,,,,,,,,,
727行,,,,,,,,,,,,171,工程表Excelファイル_171,,,,OR,,,,,,,,,,,,
728行,,,,,,,,,,,,172,工程表Excelファイル_172,,,,OR,,,,,,,,,,,,
729行,,,,,,,,,,,,173,工程表Excelファイル_173,,,,OR,,,,,,,,,,,,
730行,,,,,,,,,,,,174,工程表Excelファイル_174,,,,OR,,,,,,,,,,,,
731行,,,,,,,,,,,,175,工程表Excelファイル_175,,,,OR,,,,,,,,,,,,
732行,,,,,,,,,,,,176,工程表Excelファイル_176,,,,OR,,,,,,,,,,,,
733行,,,,,,,,,,,,177,工程表Excelファイル_177,,,,OR,,,,,,,,,,,,
734行,,,,,,,,,,,,178,工程表Excelファイル_178,,,,OR,,,,,,,,,,,,
735行,,,,,,,,,,,,179,工程表Excelファイル_179,,,,OR,,,,,,,,,,,,
736行,,,,,,,,,,,,180,工程表Excelファイル_180,,,,OR,,,,,,,,,,,,
737行,,,,,,,,,,,,181,工程表Excelファイル_181,,,,OR,,,,,,,,,,,,
738行,,,,,,,,,,,,182,工程表Excelファイル_182,,,,OR,,,,,,,,,,,,
739行,,,,,,,,,,,,183,工程表Excelファイル_183,,,,OR,,,,,,,,,,,,
740行,,,,,,,,,,,,184,工程表Excelファイル_184,,,,OR,,,,,,,,,,,,
741行,,,,,,,,,,,,185,工程表Excelファイル_185,,,,OR,,,,,,,,,,,,
742行,,,,,,,,,,,,186,工程表Excelファイル_186,,,,OR,,,,,,,,,,,,
743行,,,,,,,,,,,,187,工程表Excelファイル_187,,,,OR,,,,,,,,,,,,
744行,,,,,,,,,,,,188,工程表Excelファイル_188,,,,OR,,,,,,,,,,,,
745行,,,,,,,,,,,,189,工程表Excelファイル_189,,,,OR,,,,,,,,,,,,
746行,,,,,,,,,,,,190,工程表Excelファイル_190,,,,OR,,,,,,,,,,,,
747行,,,,,,,,,,,,191,工程表Excelファイル_191,,,,OR,,,,,,,,,,,,
748行,,,,,,,,,,,,192,工程表Excelファイル_192,,,,OR,,,,,,,,,,,,
749行,,,,,,,,,,,,193,工程表Excelファイル_193,,,,OR,,,,,,,,,,,,
750行,,,,,,,,,,,,194,工程表Excelファイル_194,,,,OR,,,,,,,,,,,,
751行,,,,,,,,,,,,195,工程表Excelファイル_195,,,,OR,,,,,,,,,,,,
752行,,,,,,,,,,,,196,工程表Excelファイル_196,,,,OR,,,,,,,,,,,,
753行,,,,,,,,,,,,197,工程表Excelファイル_197,,,,OR,,,,,,,,,,,,
754行,,,,,,,,,,,,198,工程表Excelファイル_198,,,,OR,,,,,,,,,,,,
755行,,,,,,,,,,,,199,工程表Excelファイル_199,,,,OR,,,,,,,,,,,,
756行,,,,,,,,,,,,200,工程表Excelファイル_200,,,,OR,,,,,,,,,,,,
757行,,,,,,,,,,,,,,,,,,,,,,,,,,,,,
758行,,,,,,,,,,,,,,,,,,,,,,,,,,,,,
759行,,,,,,,,,,,,,,,,,,,,,,,,,,,,,
760行,,,,,,,,,,,,,,,,,,,,,,,,,,,,,
761行,,,,,,,,,,,,,,,,,,,,,,,,,,,,,
762行,,,,,,,,,,,,,,,,,,,,,,,,,,,,,
763行,,,,,,,,,,,,,,,,,,,,,,,,,,,,,
764行,,,,,,,,,,,,,,,,,,,,,,,,,,,,,
765行,,,,,,,,,,,,,,,,,,,,,,,,,,,,,
766行,,,,,,,,,,,,,,,,,,,,,,,,,,,,,
767行,,,,,,,,,,,,,,,,,,,,,,,,,,,,,
768行,,,,,,,,,,,,,,,,,,,,,,,,,,,,,
769行,,,,,,,,,,,,,,,,,,,,,,,,,,,,,
770行,,,,,,,,,,,,,,,,,,,,,,,,,,,,,
771行,,,,,,,,,,,,,,,,,,,,,,,,,,,,,
772行,,,,,,,,,,,,,,,,,,,,,,,,,,,,,
773行,,,,,,,,,,,,,,,,,,,,,,,,,,,,,
774行,,,,,,,,,,,,,,,,,,,,,,,,,,,,,
775行,,,,,,,,,,,,,,,,,,,,,,,,,,,,,
776行,,,,,,,,,,,,,,,,,,,,,,,,,,,,,
777行,,,,,,,,,,,,,抽出内容（ヘッダー最終行）,現工程表,旧工程表,,,,,,,,,,,,,,
778行,,,,,,,,,,,オフセット,オフセット_1,工番,"0,0","1,0","行, 列",必須,,,,,,,,,,,,
779行,,,,,,,,,,,,オフセット_2,変電所,"1,0","0,0",,必須,,,,,,,,,,,,
780行,,,,,,,,,,,,オフセット_3,作業名1,"2,0","2,0",,必須,,,,,,,,,,,,
781行,,,,,,,,,,,,オフセット_4,作業名2(旧：制通部門),"3,0","3,0",,必須,,,,,,,,,,,,
782行,,,,,,,,,,,,オフセット_5,,,,,,固定文字列,,,,,,,,,,,
783行,,,,,,,,,,,,オフセット_6,担当の名前,"4,2","5,2",,必須,,,,,,,,,,,,
784行,,,,,,,,,,,,オフセット_7,工事種類（旧：点検種類）,"5,0","5,0",,必須,自主など,,,,,,,,,,,
785行,,,,,,,,,,,,オフセット_8,人数,"5,2","1,2",,必須,,,,,,,,,,,,
786行,,,,,,,,,,,,オフセット_9,作業員,"6,0","6,0",,必須,,,,,,,,,,,,
787行,,,,,,,,,,,,オフセット_10,,,,,,,,,,,,,,,,,
788行,,,,,,,,,,,旧工程表のみの要素,オフセット_11,,,"4,0",,,,,,,,,,,,,,
789行,,,,,,,,,,,,オフセット_12,,,"4,2",,,,,,,,,,,,,,
790行,,,,,,,,,,,,オフセット_13,,,左：制御、右：変電,,制御 or 変電,,,,,,,,,,,,
791行,,,,,,,,,,,,オフセット_14,,,,,,,,,,,,,,,,,
792行,,,,,,,,,,,,オフセット_15,,,,,,,,,,,,,,,,,
793行,,,,,,,,,,,,,,,,,,,,,,,,,,,,,
794行,,,,,,,,,,,,,,,,,,,,,,,,,,,,,
795行,,,,,,,,,,,,,,,,,,,,,,,,,,,,,
796行,,,,,,,,,,,,,,,,,,,,,,,,,,,,,
797行,,,,,,,,,,,,,,,,,,,,,,,,,,,,,
798行,,,,,,,,,,,,,,,,,,,,,,,,,,,,,
799行,,,,,,,,,,,,,,,,,,,,,,,,,,,,,
800行,,,,,,,,,,,,,,,,,,,,,,,,,,,,,
801行,,,,,,,,,,,,,,,,,,,,,,,,,,,,,
802行,,,,,,,,,,,,,,,,,,,,,,,,,,,,,
803行,,,,,,,,,,,,,,,,,,,,,,,,,,,,,
804行,,,,,,,,,,,,,,,,,,,,,,,,,,,,,
805行,,,,,,,,,,,,,,,,,,,,,,,,,,,,,
806行,,,,,,,,,,,,,,,,,,,,,,,,,,,,,
807行,,,,,,,,,,,,,,,,,,,,,,,,,,,,,
808行,,,,,,,,,,,,,,,,,,,,,,,,,,,,,
809行,,,,,,,,,,,,,,,,,,,,,,,,,,,,,
810行,,,,,,,,,,,,,,,,,,,,,,,,,,,,,
811行,,,,,,,,,,,抽出結果出力シートのフォーマット設定,,ヘッダー行数,2,,,,,,,,,,,,,,,
812行,,,,,,,,,,,,,ヘッダー行_1,工程表から抽出　2025/05/23 (金) 14:53:46,,,,,,,,,,,,,,,
813行,,,,,,,,,,,,,ヘッダー行_2,"工番	変電所	作業名1	作業名2(旧：制通部門)	担当の名前	工事種類（旧：点検種類）	人数	作業員",,,,,,,,,,,,,,,
814行,,,,,,,,,,,,,ヘッダー行_3,,,,,,,,,,,,,,,,
815行,,,,,,,,,,,,,ヘッダー行_4,,,,,,,,,,,,,,,,
816行,,,,,,,,,,,,,ヘッダー行_5,,,,,,,,,,,,,,,,
817行,,,,,,,,,,,,,ヘッダー行_6,,,,,,,,,,,,,,,,
818行,,,,,,,,,,,,,ヘッダー行_7,,,,,,,,,,,,,,,,
819行,,,,,,,,,,,,,ヘッダー行_8,,,,,,,,,,,,,,,,
820行,,,,,,,,,,,,,ヘッダー行_9,,,,,,,,,,,,,,,,
821行,,,,,,,,,,,,,ヘッダー行_10,,,,,,,,,,,,,,,,
822行,,,,,,,,,,,,,,,,,,,,,,,,,,,,,
823行,,,,,,,,,,,,,,,,,,,,,,,,,,,,,
824行,,,,,,,,,,,,,,,,,,,,,,,,,,,,,
825行,,,,,,,,,,,,,,,,制通部門,補修部門,点検種類,,,,,,,,,,,
826行,,,,,,,,,,,,,,,,ＯＣ,１ＴｒＢＲＹ,(自主),,,,,,,,,,,
827行,,,,,,,,,,,,,,,,ＰＷ,２ＴｒＢＲＹ,(総合),,,,,,,,,,,
828行,,,,,,,,,,,,,,,,光ＰＷ,３ＴｒＢＲＹ,(測定),,,,,,,,,,,
829行,,,,,,,,,,,,,,,,Ｃ８７,４ＴｒＢＲＹ,(受入),,,,,,,,,,,
830行,,,,,,,,,,,,,,,,79LK,５ＴｒＢＲＹ,(自：測),,,,,,,,,,,
831行,,,,,,,,,,,,,,,,Ｊ２７,６ＴｒＢＲＹ,(自：総),,,,,,,,,,,
832行,,,,,,,,,,,,,,,,BP+J27,７ＴｒＢＲＹ,(自：受),,,,,,,,,,,
833行,,,,,,,,,,,,,,,,KBP+Ｊ27,８ＴｒＢＲＹ,(責：測),,,,,,,,,,,
834行,,,,,,,,,,,,,,,,転送遮断85T,９ＴｒＢＲＹ,(責：総),,,,,,,,,,,
835行,,,,,,,,,,,,,,,,ＰＣＭ,ＳｈａＲＹ,(立会),,,,,,,,,,,
836行,,,,,,,,,,,,,,,,ＢＰ ,ＳＣＲＹ,技,,,,,,,,,,,
837行,,,,,,,,,,,,,,,,ＤＣａ,ＬＲＲＹ,制,,,,,,,,,,,
838行,,,,,,,,,,,,,,,,多端子,ＮＧＲＲＹ,電,,,,,,,,,,,
839行,,,,,,,,,,,,,,,,簡易ＢＰ,,(総．測),,,,,,,,,,,
840行,,,,,,,,,,,,,,,,人工接地,,(責任),,,,,,,,,,,
841行,,,,,,,,,,,,,,,,Ｆｅ受入,,,,,,,,,,,,,
842行,,,,,,,,,,,,,,,,Ｆｅ修繕,１１ＴｒＢＲＹ,,,,,,,,,,,,
843行,,,,,,,,,,,,,,,,Ｆ５１Ｓ,１２ＴｒＢＲＹ,,,,,,,,,,,,
844行,,,,,,,,,,,,,,,,緊急負荷制限,１３ＴｒＢＲＹ,,,,,,,,,,,,
845行,,,,,,,,,,,,,,,,Ｋ５１,１４ＴｒＢＲＹ,,,,,,,,,,,,
846行,,,,,,,,,,,,,,,,Ｋ９５,１５ＴｒＢＲＹ,,,,,,,,,,,,
847行,,,,,,,,,,,,,,,,Ｄ４４,,,,,,,,,,,,,
848行,,,,,,,,,,,,,,,,Ｄ５１,,,,,,,,,,,,,
849行,,,,,,,,,,,,,,,,Ｄ５６,電気安推会,,,,,,,,,,,,
850行,,,,,,,,,,,,,,,,ＢＳＳ,社内試験,,,,,,,,,,,,
851行,,,,,,,,,,,,,,,,Ｂa,現場調査,,,,,,,,,,,,
852行,,,,,,,,,,,,,,,,ＤＺ,,,,,,,,,,,,,
853行,,,,,,,,,,,,,,,,Ｋ２８,,,,,,,,,,,,,
854行,,,,,,,,,,,,,,,,,,,,,,,,,,,,,
855行,,,,,,,,,,,,,,,,ＴＣ（受入）,,,,,,,,,,,,,
856行,,,,,,,,,,,,,,,,ＴＣ（親）,,,,,,,,,,,,,
857行,,,,,,,,,,,,,,,,ＴＣ（子）,,,,,,,,,,,,,
858行,,,,,,,,,,,,,,,,ＴＭ,,,,,,,,,,,,,
859行,,,,,,,,,,,,,,,,ＷＨＭ,,,,,,,,,,,,,
860行,,,,,,,,,,,,,,,,ＷＨＭ受入,,,,,,,,,,,,,
861行,,,,,,,,,,,,,,,,所内ＷＨＭ,,,,,,,,,,,,,
862行,,,,,,,,,,,,,,,,,,,,,,,,,,,,,
863行,,,,,,,,,,,,,,,,制通安推会,,,,,,,,,,,,,
864行,,,,,,,,,,,,,,,,,,,,,,,,,,,,,
865行,,,,,,,,,,,,,,,,社内試験,,,,,,,,,,,,,
866行,,,,,,,,,,,,,,,,現場調査,,,,,,,,,,,,,
867行,,,,,,,,,,,,,,,,,,,,,,,,,,,,,
868行,,,,,,,,,,,,,,,,,,,,,,,,,,,,,
869行,,,,,,,,,,,,,,,,,,,,,,,,,,,,,
870行,,,,,,,,,,,,,,,,,,,,,,,,,,,,,
871行,,,,,,,,,,,,,,,,,,,,,,,,,,,,,
872行,,,,,,,,,,,,,,,,,,,,,,,,,,,,,
873行,,,,,,,,,,,,,,,,,,,,,,,,,,,,,
874行,,,,,,,,,,,,,,,,,,,,,,,,,,,,,
875行,,,,,,,,,,,,,,,,,,,,,,,,,,,,,
876行,,,,,,,,,,,,,,,,,,,,,,,,,,,,,
877行,,,,,,,,,,,,,,,,,,,,,,,,,,,,,
878行,,,,,,,,,,,,,,,,,,,,,,,,,,,,,
879行,,,,,,,,,,,,,,,,,,,,,,,,,,,,,
880行,,,,,,,,,,,,,,,,,,,,,,,,,,,,,
881行,,,,,,,,,,,,,,,,,,,,,,,,,,,,,
882行,,,,,,,,,,,,,,,,,,,,,,,,,,,,,
883行,,,,,,,,,,,,,,,,,,,,,,,,,,,,,
884行,,,,,,,,,,,,,,,,,,,,,,,,,,,,,
885行,,,,,,,,,,,,,,,,,,,,,,,,,,,,,
886行,,,,,,,,,,,,,,,,,,,,,,,,,,,,,
887行,,,,,,,,,,,,,,,,,,,,,,,,,,,,,
888行,,,,,,,,,,,,,,,,,,,,,,,,,,,,,
889行,,,,,,,,,,,,,,,,,,,,,,,,,,,,,
890行,,,,,,,,,,,,,,,,,,,,,,,,,,,,,
891行,,,,,,,,,,,,,,,,,,,,,,,,,,,,,
892行,,,,,,,,,,,,,,,,,,,,,,,,,,,,,
893行,,,,,,,,,,,,,,,,,,,,,,,,,,,,,
894行,,,,,,,,,,,,,,,,,,,,,,,,,,,,,
895行,,,,,,,,,,,,,,,,,,,,,,,,,,,,,
896行,,,,,,,,,,,,,,,,,,,,,,,,,,,,,
897行,,,,,,,,,,,,,,,,,,,,,,,,,,,,,
898行,,,,,,,,,,,,,,,,,,,,,,,,,,,,,
899行,,,,,,,,,,,,,,,,,,,,,,,,,,,,,
900行,,,,,,,,,,,,,,,,,,,,,,,,,,,,,
901行,,,,,,,,,,,,,,,,,,,,,,,,,,,,,
902行,,,,,,,,,,,,,,,,,,,,,,,,,,,,,
903行,,,,,,,,,,,,,,,,,,,,,,,,,,,,,
904行,,,,,,,,,,,,,,,,,,,,,,,,,,,,,
905行,,,,,,,,,,,,,,,,,,,,,,,,,,,,,
906行,,,,,,,,,,,,,,,,,,,,,,,,,,,,,
907行,,,,,,,,,,,,,,,,,,,,,,,,,,,,,
908行,,,,,,,,,,,,,,,,,,,,,,,,,,,,,
909行,,,,,,,,,,,,,,,,,,,,,,,,,,,,,
910行,,,,,,,,,,,,,,,,,,,,,,,,,,,,,
911行,,,,,,,,,,,,,,,,,,,,,,,,,,,,,
912行,,,,,,,,,,,,,,,,,,,,,,,,,,,,,
913行,,,,,,,,,,,,,,,,,,,,,,,,,,,,,
914行,,,,,,,,,,,,,,,,,,,,,,,,,,,,,
915行,,,,,,,,,,,,,,,,,,,,,,,,,,,,,
916行,,,,,,,,,,,,,,,,,,,,,,,,,,,,,
917行,,,,,,,,,,,,,,,,,,,,,,,,,,,,,
918行,,,,,,,,,,,,,,,,,,,,,,,,,,,,,
919行,,,,,,,,,,,,,,,,,,,,,,,,,,,,,
920行,,,,,,,,,,,,,,,,,,,,,,,,,,,,,
921行,,,,,,,,,,,,,,,,,,,,,,,,,,,,,
922行,,,,,,,,,,,,,,,,,,,,,,,,,,,,,
923行,,,,,,,,,,,,,,,,,,,,,,,,,,,,,
924行,,,,,,,,,,,,,,,,,,,,,,,,,,,,,
925行,,,,,,,,,,,,,,,,,,,,,,,,,,,,,
926行,,,,,,,,,,,,,,,,,,,,,,,,,,,,,
927行,,,,,,,,,,,,,,,,,,,,,,,,,,,,,
928行,,,,,,,,,,,,,,,,,,,,,,,,,,,,,
929行,,,,,,,,,,,,,,,,,,,,,,,,,,,,,
930行,,,,,,,,,,,,,,,,,,,,,,,,,,,,,
931行,,,,,,,,,,,,,,,,,,,,,,,,,,,,,
932行,,,,,,,,,,,,,,,,,,,,,,,,,,,,,
933行,,,,,,,,,,,,,,,,,,,,,,,,,,,,,
934行,,,,,,,,,,,,,,,,,,,,,,,,,,,,,
935行,,,,,,,,,,,,,,,,,,,,,,,,,,,,,
936行,,,,,,,,,,,,,,,,,,,,,,,,,,,,,
937行,,,,,,,,,,,,,,,,,,,,,,,,,,,,,
938行,,,,,,,,,,,,,,,,,,,,,,,,,,,,,
939行,,,,,,,,,,,,,,,,,,,,,,,,,,,,,
940行,,,,,,,,,,,,,,,,,,,,,,,,,,,,,
941行,,,,,,,,,,,,,,,,,,,,,,,,,,,,,
942行,,,,,,,,,,,,,,,,,,,,,,,,,,,,,
943行,,,,,,,,,,,,,,,,,,,,,,,,,,,,,
944行,,,,,,,,,,,,,,,,,,,,,,,,,,,,,
945行,,,,,,,,,,,,,,,,,,,,,,,,,,,,,
946行,,,,,,,,,,,,,,,,,,,,,,,,,,,,,
947行,,,,,,,,,,,,,,,,,,,,,,,,,,,,,
948行,,,,,,,,,,,,,,,,,,,,,,,,,,,,,
949行,,,,,,,,,,,,,,,,,,,,,,,,,,,,,
950行,,,,,,,,,,,,,,,,,,,,,,,,,,,,,
951行,,,,,,,,,,,,,,,,,,,,,,,,,,,,,
952行,,,,,,,,,,,,,,,,,,,,,,,,,,,,,
953行,,,,,,,,,,,,,,,,,,,,,,,,,,,,,
954行,,,,,,,,,,,,,,,,,,,,,,,,,,,,,
955行,,,,,,,,,,,,,,,,,,,,,,,,,,,,,
956行,,,,,,,,,,,,,,,,,,,,,,,,,,,,,
957行,,,,,,,,,,,,,,,,,,,,,,,,,,,,,
958行,,,,,,,,,,,,,,,,,,,,,,,,,,,,,
959行,,,,,,,,,,,,,,,,,,,,,,,,,,,,,
960行,,,,,,,,,,,,,,,,,,,,,,,,,,,,,
961行,,,,,,,,,,,,,,,,,,,,,,,,,,,,,
962行,,,,,,,,,,,,,,,,,,,,,,,,,,,,,
963行,,,,,,,,,,,,,,,,,,,,,,,,,,,,,
964行,,,,,,,,,,,,,,,,,,,,,,,,,,,,,
965行,,,,,,,,,,,,,,,,,,,,,,,,,,,,,
966行,,,,,,,,,,,,,,,,,,,,,,,,,,,,,
967行,,,,,,,,,,,,,,,,,,,,,,,,,,,,,
968行,,,,,,,,,,,,,,,,,,,,,,,,,,,,,
969行,,,,,,,,,,,,,,,,,,,,,,,,,,,,,
970行,,,,,,,,,,,,,,,,,,,,,,,,,,,,,
971行,,,,,,,,,,,,,,,,,,,,,,,,,,,,,
972行,,,,,,,,,,,,,,,,,,,,,,,,,,,,,
973行,,,,,,,,,,,,,,,,,,,,,,,,,,,,,
974行,,,,,,,,,,,,,,,,,,,,,,,,,,,,,
975行,,,,,,,,,,,,,,,,,,,,,,,,,,,,,
976行,,,,,,,,,,,,,,,,,,,,,,,,,,,,,
977行,,,,,,,,,,,,,,,,,,,,,,,,,,,,,
978行,,,,,,,,,,,,,,,,,,,,,,,,,,,,,
979行,,,,,,,,,,,,,,,,,,,,,,,,,,,,,
980行,,,,,,,,,,,,,,,,,,,,,,,,,,,,,
981行,,,,,,,,,,,,,,,,,,,,,,,,,,,,,
982行,,,,,,,,,,,,,,,,,,,,,,,,,,,,,
983行,,,,,,,,,,,,,,,,,,,,,,,,,,,,,
984行,,,,,,,,,,,,,,,,,,,,,,,,,,,,,
985行,,,,,,,,,,,,,,,,,,,,,,,,,,,,,
986行,,,,,,,,,,,,,,,,,,,,,,,,,,,,,
987行,,,,,,,,,,,,,,,,,,,,,,,,,,,,,
988行,,,,,,,,,,,,,,,,,,,,,,,,,,,,,
989行,,,,,,,,,,,,,,,,,,,,,,,,,,,,,
990行,,,,,,,,,,,,,,,,,,,,,,,,,,,,,
991行,,,,,,,,,,,,,,,,,,,,,,,,,,,,,
992行,,,,,,,,,,,,,,,,,,,,,,,,,,,,,
993行,,,,,,,,,,,,,,,,,,,,,,,,,,,,,
994行,,,,,,,,,,,,,,,,,,,,,,,,,,,,,
995行,,,,,,,,,,,,,,,,,,,,,,,,,,,,,
996行,,,,,,,,,,,,,,,,,,,,,,,,,,,,,
997行,,,,,,,,,,,,,,,,,,,,,,,,,,,,,
998行,,,,,,,,,,,,,,,,,,,,,,,,,,,,,
999行,,,,,,,,,,,,,,,,,,,,,,,,,,,,,
1000行,,,,,,,,,,,,,,,,,,,,,,,,,,,,,
1001行,,,,,,,,,,,,,,,,,,,,,,,,,,,,,
1002行,,,,,,,,,,,,,,,,,,,,,,,,,,,,,
1003行,,,,,,,,,,,,,,,,,,,,,,,,,,,,,
1004行,,,,,,,,,,,,,,,,,,,,,,,,,,,,,
1005行,,,,,,,,,,,,,,,,,,,,,,,,,,,,,
1006行,,,,,,,,,,,,,,,,,,,,,,,,,,,,,
1007行,,,,,,,,,,,,,,,,,,,,,,,,,,,,,
1008行,,,,,,,,,,,,,,,,,,,,,,,,,,,,,
1009行,,,,,,,,,,,,,,,,,,,,,,,,,,,,,
1010行,,,,,,,,,,,,,,,,,,,,,,,,,,,,,
1011行,,,,,,,,,,,,,,,,,,,,,,,,,,,,,
1012行,,,,,,,,,,,,,,,,,,,,,,,,,,,,,
1013行,,,,,,,,,,,,,,,,,,,,,,,,,,,,,
1014行,,,,,,,,,,,,,,,,,,,,,,,,,,,,,
1015行,,,,,,,,,,,,,,,,,,,,,,,,,,,,,
1016行,,,,,,,,,,,,,,,,,,,,,,,,,,,,,
1017行,,,,,,,,,,,,,,,,,,,,,,,,,,,,,
1018行,,,,,,,,,,,,,,,,,,,,,,,,,,,,,
1019行,,,,,,,,,,,,,,,,,,,,,,,,,,,,,
1020行,,,,,,,,,,,,,,,,,,,,,,,,,,,,,
1021行,,,,,,,,,,,,,,,,,,,,,,,,,,,,,
1022行,,,,,,,,,,,,,,,,,,,,,,,,,,,,,
1023行,,,,,,,,,,,,,,,,,,,,,,,,,,,,,
1024行,,,,,,,,,,,,,,,,,,,,,,,,,,,,,
1025行,,,,,,,,,,,,,,,,,,,,,,,,,,,,,
1026行,,,,,,,,,,,,,,,,,,,,,,,,,,,,,
1027行,,,,,,,,,,,,,,,,,,,,,,,,,,,,,
1028行,,,,,,,,,,,,,,,,,,,,,,,,,,,,,
1029行,,,,,,,,,,,,,,,,,,,,,,,,,,,,,
1030行,,,,,,,,,,,,,,,,,,,,,,,,,,,,,
1031行,,,,,,,,,,,,,,,,,,,,,,,,,,,,,
1032行,,,,,,,,,,,,,,,,,,,,,,,,,,,,,
1033行,,,,,,,,,,,,,,,,,,,,,,,,,,,,,
1034行,,,,,,,,,,,,,,,,,,,,,,,,,,,,,
1035行,,,,,,,,,,,,,,,,,,,,,,,,,,,,,
1036行,,,,,,,,,,,,,,,,,,,,,,,,,,,,,
1037行,,,,,,,,,,,,,,,,,,,,,,,,,,,,,
1038行,,,,,,,,,,,,,,,,,,,,,,,,,,,,,
1039行,,,,,,,,,,,,,,,,,,,,,,,,,,,,,
1040行,,,,,,,,,,,,,,,,,,,,,,,,,,,,,
1041行,,,,,,,,,,,,,,,,,,,,,,,,,,,,,
1042行,,,,,,,,,,,,,,,,,,,,,,,,,,,,,
1043行,,,,,,,,,,,,,,,,,,,,,,,,,,,,,
1044行,,,,,,,,,,,,,,,,,,,,,,,,,,,,,
1045行,,,,,,,,,,,,,,,,,,,,,,,,,,,,,
1046行,,,,,,,,,,,,,,,,,,,,,,,,,,,,,
1047行,,,,,,,,,,,,,,,,,,,,,,,,,,,,,
1048行,,,,,,,,,,,,,,,,,,,,,,,,,,,,,
1049行,,,,,,,,,,,,,,,,,,,,,,,,,,,,,
1050行,,,,,,,,,,,,,,,,,,,,,,,,,,,,,
1051行,,,,,,,,,,,,,,,,,,,,,,,,,,,,,
1052行,,,,,,,,,,,,,,,,,,,,,,,,,,,,,
1053行,,,,,,,,,,,,,,,,,,,,,,,,,,,,,
1054行,,,,,,,,,,,,,,,,,,,,,,,,,,,,,
1055行,,,,,,,,,,,,,,,,,,,,,,,,,,,,,
1056行,,,,,,,,,,,,,,,,,,,,,,,,,,,,,
1057行,,,,,,,,,,,,,,,,,,,,,,,,,,,,,
1058行,,,,,,,,,,,,,,,,,,,,,,,,,,,,,
1059行,,,,,,,,,,,,,,,,,,,,,,,,,,,,,
1060行,,,,,,,,,,,,,,,,,,,,,,,,,,,,,
1061行,,,,,,,,,,,,,,,,,,,,,,,,,,,,,
1062行,,,,,,,,,,,,,,,,,,,,,,,,,,,,,
1063行,,,,,,,,,,,,,,,,,,,,,,,,,,,,,
1064行,,,,,,,,,,,,,,,,,,,,,,,,,,,,,
1065行,,,,,,,,,,,,,,,,,,,,,,,,,,,,,
1066行,,,,,,,,,,,,,,,,,,,,,,,,,,,,,
1067行,,,,,,,,,,,,,,,,,,,,,,,,,,,,,
1068行,,,,,,,,,,,,,,,,,,,,,,,,,,,,,
1069行,,,,,,,,,,,,,,,,,,,,,,,,,,,,,
1070行,,,,,,,,,,,,,,,,,,,,,,,,,,,,,
1071行,,,,,,,,,,,,,,,,,,,,,,,,,,,,,
1072行,,,,,,,,,,,,,,,,,,,,,,,,,,,,,
1073行,,,,,,,,,,,,,,,,,,,,,,,,,,,,,
1074行,,,,,,,,,,,,,,,,,,,,,,,,,,,,,
1075行,,,,,,,,,,,,,,,,,,,,,,,,,,,,,
1076行,,,,,,,,,,,,,,,,,,,,,,,,,,,,,
1077行,,,,,,,,,,,,,,,,,,,,,,,,,,,,,
1078行,,,,,,,,,,,,,,,,,,,,,,,,,,,,,
1079行,,,,,,,,,,,,,,,,,,,,,,,,,,,,,
1080行,,,,,,,,,,,,,,,,,,,,,,,,,,,,,
1081行,,,,,,,,,,,,,,,,,,,,,,,,,,,,,
1082行,,,,,,,,,,,,,,,,,,,,,,,,,,,,,
1083行,,,,,,,,,,,,,,,,,,,,,,,,,,,,,
1084行,,,,,,,,,,,,,,,,,,,,,,,,,,,,,
1085行,,,,,,,,,,,,,,,,,,,,,,,,,,,,,
1086行,,,,,,,,,,,,,,,,,,,,,,,,,,,,,
1087行,,,,,,,,,,,,,,,,,,,,,,,,,,,,,
1088行,,,,,,,,,,,,,,,,,,,,,,,,,,,,,
1089行,,,,,,,,,,,,,,,,,,,,,,,,,,,,,
1090行,,,,,,,,,,,,,,,,,,,,,,,,,,,,,
1091行,,,,,,,,,,,,,,,,,,,,,,,,,,,,,
1092行,,,,,,,,,,,,,,,,,,,,,,,,,,,,,
1093行,,,,,,,,,,,,,,,,,,,,,,,,,,,,,
1094行,,,,,,,,,,,,,,,,,,,,,,,,,,,,,
1095行,,,,,,,,,,,,,,,,,,,,,,,,,,,,,
1096行,,,,,,,,,,,,,,,,,,,,,,,,,,,,,
1097行,,,,,,,,,,,,,,,,,,,,,,,,,,,,,
1098行,,,,,,,,,,,,,,,,,,,,,,,,,,,,,
1099行,,,,,,,,,,,,,,,,,,,,,,,,,,,,,
1100行,,,,,,,,,,,,,,,,,,,,,,,,,,,,,
1101行,,,,,,,,,,,,,,,,,,,,,,,,,,,,,
1102行,,,,,,,,,,,,,,,,,,,,,,,,,,,,,
1103行,,,,,,,,,,,,,,,,,,,,,,,,,,,,,
1104行,,,,,,,,,,,,,,,,,,,,,,,,,,,,,
1105行,,,,,,,,,,,,,,,,,,,,,,,,,,,,,
1106行,,,,,,,,,,,,,,,,,,,,,,,,,,,,,
1107行,,,,,,,,,,,,,,,,,,,,,,,,,,,,,
1108行,,,,,,,,,,,,,,,,,,,,,,,,,,,,,
1109行,,,,,,,,,,,,,,,,,,,,,,,,,,,,,
1110行,,,,,,,,,,,,,,,,,,,,,,,,,,,,,
1111行,,,,,,,,,,,,,,,,,,,,,,,,,,,,,
1112行,,,,,,,,,,,,,,,,,,,,,,,,,,,,,
1113行,,,,,,,,,,,,,,,,,,,,,,,,,,,,,
1114行,,,,,,,,,,,,,,,,,,,,,,,,,,,,,
1115行,,,,,,,,,,,,,,,,,,,,,,,,,,,,,
1116行,,,,,,,,,,,,,,,,,,,,,,,,,,,,,
1117行,,,,,,,,,,,,,,,,,,,,,,,,,,,,,
1118行,,,,,,,,,,,,,,,,,,,,,,,,,,,,,
1119行,,,,,,,,,,,,,,,,,,,,,,,,,,,,,
1120行,,,,,,,,,,,,,,,,,,,,,,,,,,,,,
1121行,,,,,,,,,,,,,,,,,,,,,,,,,,,,,
1122行,,,,,,,,,,,,,,,,,,,,,,,,,,,,,
1123行,,,,,,,,,,,,,,,,,,,,,,,,,,,,,
1124行,,,,,,,,,,,設定,,結果の引継ぎ or リセット,リセット,引継ぎ,,引継ぎ or リセット,選択肢,,,,,引継ぎ,リセット,,,,,
1125行,,,,,,,,,,,,,,,,,,,,,,,,,,,,,
1126行,,,,,,,,,,,,,非表示方式,xlSheetHidden,,,xlSheetHidden or xlSheetVeryHidden,,,,,,,,,,,,
1127行,,,,,,,,,,,,,非表示シート,Config (1),,,シート名,,,,,,,,,,,,
1128行,,,,,,,,,,,,,,Work,,,シート名,,,,,,,,,,,,
1129行,,,,,,,,,,,,,,,FiltersLog,,シート名,,,,,,,,,,,,
1130行,,,,,,,,,,,,,,,ErrorLog,,シート名,,,,,,,,,,,,
1131行,,,,,,,,,,,,,,,,,シート名,,,,,,,,,,,,
1132行,,,,,,,,,,,,,,,,,シート名,,,,,,,,,,,,
1133行,,,,,,,,,,,,,,,,,シート名,,,,,,,,,,,,
1134行,,,,,,,,,,,,,,,,,シート名,,,,,,,,,,,,
1135行,,,,,,,,,,,,,,,,,シート名,,,,,,,,,,,,
1136行,,,,,,,,,,,,,,,,,シート名,,,,,,,,,,,,
1137行,,,,,,,,,,,,,,,,,シート名,,,,,,,,,,,,
1138行,,,,,,,,,,,,,,,,,シート名,,,,,,,,,,,,
1139行,,,,,,,,,,,,,,,,,シート名,,,,,,,,,,,,
1140行,,,,,,,,,,,,,,,,,シート名,,,,,,,,,,,,
1141行,,,,,,,,,,,,,,,,,シート名,,,,,,,,,,,,
1142行,,,,,,,,,,,,,,,,,シート名,,,,,,,,,,,,
1143行,,,,,,,,,,,,,,,,,シート名,,,,,,,,,,,,
1144行,,,,,,,,,,,,,,,,,シート名,,,,,,,,,,,,
1145行,,,,,,,,,,,,,,,,,シート名,,,,,,,,,,,,
1146行,,,,,,,,,,,,,,,,,シート名,,,,,,,,,,,,
1147行,,,,,,,,,,,,,,,,,,,,,,,,,,,,,
1148行,,,,,,,,,,,,,,,,,,,,,,,,,,,,,
1149行,,,,,,,,,,,,,,,,,,,,,,,,,,,,,
1150行,,,,,,,,,,,,,ブラックリストパス,,,,,,,,,,,,,,,,
1151行,,,,,,,,,,,,,ホワイトリストパス,,,,,,,,,,,,,,,,
1152行,,,,,,,,,,,,,,,,,,,,,,,,,,,,,
1153行,,,,,,,,,,,,,,,,,,,,,,,,,,,,,
1154行,,,,,,,,,,,,,,,,,,,,,,,,,,,,,
1155行,,,,,,,,,,,,,,,,,,,,,,,,,,,,,
1156行,,,,,,,,,,,,,,,,,,,,,,,,,,,,,
1157行,,,,,,,,,,,,,,,,,,,,,,,,,,,,,
1158行,,,,,,,,,,,,,,,,,,,,,,,,,,,,,
1159行,,,,,,,,,,,,,,,,,,,,,,,,,,,,,
1160行,,,,,,,,,,,,,,,,,,,,,,,,,,,,,
1161行,,,,,,,,,,,,,,,,,,,,,,,,,,,,,
1162行,,,,,,,,,,,,,,,,,,,,,,,,,,,,,
1163行,,,,,,,,,,,,,,,,,,,,,,,,,,,,,
1164行,,,,,,,,,,,,,,,,,,,,,,,,,,,,,
1165行,,,,,,,,,,,,,,,,,,,,,,,,,,,,,
1166行,,,,,,,,,,,,,,,,,,,,,,,,,,,,,
1167行,,,,,,,,,,,,,,,,,,,,,,,,,,,,,
1168行,,,,,,,,,,,,,,,,,,,,,,,,,,,,,
1169行,,,,,,,,,,,,,,,,,,,,,,,,,,,,,
1170行,,,,,,,,,,,,,,,,,,,,,,,,,,,,,
1171行,,,,,,,,,,,,,,,,,,,,,,,,,,,,,
1172行,,,,,,,,,,,,,,,,,,,,,,,,,,,,,
1173行,,,,,,,,,,,,,,,,,,,,,,,,,,,,,
1174行,,,,,,,,,,,,,,,,,,,,,,,,,,,,,
1175行,,,,,,,,,,,,,,,,,,,,,,,,,,,,,
1176行,,,,,,,,,,,,,,,,,,,,,,,,,,,,,
1177行,,,,,,,,,,,,,,,,,,,,,,,,,,,,,
1178行,,,,,,,,,,,,,,,,,,,,,,,,,,,,,
1179行,,,,,,,,,,,,,,,,,,,,,,,,,,,,,
1180行,,,,,,,,,,,,,,,,,,,,,,,,,,,,,
1181行,,,,,,,,,,,,,,,,,,,,,,,,,,,,,
1182行,,,,,,,,,,,,,,,,,,,,,,,,,,,,,
1183行,,,,,,,,,,,,,,,,,,,,,,,,,,,,,
1184行,,,,,,,,,,,,,,,,,,,,,,,,,,,,,
1185行,,,,,,,,,,,,,,,,,,,,,,,,,,,,,
1186行,,,,,,,,,,,,,,,,,,,,,,,,,,,,,
1187行,,,,,,,,,,,,,,,,,,,,,,,,,,,,,
1188行,,,,,,,,,,,,,,,,,,,,,,,,,,,,,
1189行,,,,,,,,,,,,,,,,,,,,,,,,,,,,,
1190行,,,,,,,,,,,,,,,,,,,,,,,,,,,,,
1191行,,,,,,,,,,,,,,,,,,,,,,,,,,,,,
1192行,,,,,,,,,,,,,,,,,,,,,,,,,,,,,
1193行,,,,,,,,,,,,,,,,,,,,,,,,,,,,,
1194行,,,,,,,,,,,,,,,,,,,,,,,,,,,,,
1195行,,,,,,,,,,,,,,,,,,,,,,,,,,,,,
1196行,,,,,,,,,,,,,,,,,,,,,,,,,,,,,
1197行,,,,,,,,,,,,,,,,,,,,,,,,,,,,,
1198行,,,,,,,,,,,,,,,,,,,,,,,,,,,,,
1199行,,,,,,,,,,,,,,,,,,,,,,,,,,,,,
1200行,,,,,,,,,,,,,,,,,,,,,,,,,,,,,
1201行,,,,,,,,,,,,,,,,,,,,,,,,,,,,,
,,,,,,,,,,,,,,,,,,,,,,,,,,,,,
,,,,,,,,,,,,,,,,,,,,,,,,,,,,,
,,,,,,,,,,,,,,,,,,,,,,,,,,,,,
,,,,,,,,,,,,,,,,,,,,,,,,,,,,,
,,,,,,,,,,,,,,,,,,,,,,,,,,,,,
,,,,,,,,,,,,,,,,,,,,,,,,,,,,,
,,,,,,,,,,,,,,,,,,,,,,,,,,,,,
,,,,,,,,,,,,,,,,,,,,,,,,,,,,,
,,,,,,,,,,,,,,,,,,,,,,,,,,,,,
,,,,,,,,,,,,,,,,,,,,,,,,,,,,,
,,,,,,,,,,,,,,,,,,,,,,,,,,,,,
,,,,,,,,,,,,,,,,,,,,,,,,,,,,,
,,,,,,,,,,,,,,,,,,,,,,,,,,,,,
,,,,,,,,,,,,,,,,,,,,,,,,,,,,,
,,,,,,,,,,,,,,,,,,,,,,,,,,,,,
,,,,,,,,,,,,,,,,,,,,,,,,,,,,,
,,,,,,,,,,,,,,,,,,,,,,,,,,,,,
,,,,,,,,,,,,,,,,,,,,,,,,,,,,,
,,,,,,,,,,,,,,,,,,,,,,,,,,,,,
,,,,,,,,,,,,,,,,,,,,,,,,,,,,,
,,,,,,,,,,,,,,,,,,,,,,,,,,,,,
,,,,,,,,,,,,,,,,,,,,,,,,,,,,,
,,,,,,,,,,,,,,,,,,,,,,,,,,,,,
,,,,,,,,,,,,,,,,,,,,,,,,,,,,,
